Tweet	Runnynose
最悪だ。風邪ひいた。寒気と頭痛、だるいし。ぼーっとするし。明日休めるかな。	0
妻が花粉症らしいが、まさか微熱が出る事もあるとは思わなかった。体が過剰反応して疲れてしまうらしい。	1
鼻水と風邪ってなんか関係あるよね。	1
この頭痛の感じ絶対風邪だー。	0
ところで頭痛がひどいんですけど誰か助けて	0
風邪の方はどうぞお休みください。	0
昨日から熱が出て、のども腫れている。いくらでも眠れる。明日も仕事は休むことにする。	0
熱が出てリンパが腫れた	0
スペインの風邪はすごいらしいよー。	0
風邪で高熱が出てて咳が止まらん。辛い。	0
テレビのニュース見たら、東京に感染者いるって。熱でるわ。	0
なんか熱ある気するけど気のせいだと思ってテレビ見てる	0
最近何時も起きるとお腹が痛くて、トイレに行くと下痢なんだ。	0
頭痛が三日ぐらい続いてるのでそろそろ医師に診てもらったほうがいいかもしれない。	0
犬と遊んでたら鼻づまり治った！	0
花粉症に効果があると噂の眼鏡を買ったぞ	0
咳が出るときはマスクをするのがエチケットでしょう。	0
頭痛の症状ソロソロ治らないかな・・。	0
咳をし過ぎると腹筋痛くなるし頭まで痛くなるでしょう？	0
最悪、風邪ひいたっぽい。	0
下手な奴の歌聴くと耳が曲がるわ。きつくて頭痛がするっつーの。	0
頭痛がきつくて行けないとは相手に言いにくい・・・	0
鼻水が出すぎて、止まるのかどうか不安になるよ。	1
相手が話が通じない人で同じこと３回くらい繰り返しても全然理解してくれないし、本当に頭痛がした。あんな宇宙人みたいな人いるんだね	0
花粉症には、トマトを食べる療法があるって本当かな。	0
家に帰ると、娘が熱を出していたよ。リンパも腫れてるし。明日病院に行こう。	0
来春は花粉が少ない見通しだから、花粉症もやわらぐだろう。	0
昨日食った丼にあたったぽいわ。下痢〜	0
咳を抑える薬が必要だ。	0
妻が花粉症らしくひっきりなしに鼻をかんでいるが、微熱もあるようで風邪だろと諭すも、まさか、と一言。相変わらず強がりだな。	1
鼻づまりってもうなんも感じなくて無理だ。	1
熱あるけど夫の弁当つくんなきゃ	0
頭痛が激しいから、今日はもう帰ることにした。	0
下痢をすると思い出すことがある。幼い頃日本代表が出ているサッカーの試合を見ていて爆笑した時のことだ。何故なのかさっぱりわからない。	0
契約を取れないと頭痛が・・・	0
ニュースで誰かが、東京では感染症で熱高い人が多いって言ってた。	0
一日中咳をしてたらすごく疲れた。	0
最近のゆとりは咳のエチケットすら知らんのか	0
やばい、お腹痛い、下痢かも	0
下痢気味でお腹が痛い。	0
微熱があるんだけど花粉症の症状じゃないよね？	1
下痢でお腹の調子が悪い。	0
朝から頭痛。飲みすぎた。	0
下痢になっちゃって最近具合が悪いよー。	0
スペインで風邪が流行っているみたい。	0
娘も嫁も、高熱で今日は会社休んで看病。	0
インフルのワクチンなんて型が外れたら役に立たないから御粗末だよな。	0
咳や痰が出て、風邪薬で対処していたものの、高熱が出始めたので病院に行ってみたら、全く違う病気と診断された女性のブログを読みました。	0
起きたらお腹痛くてやばいなって思ってたら、下痢だった。	0
犬が風邪ひいたみたいで鼻水垂らしてる・・・	0
遂に花粉症になったかもしれない！	1
下痢のせいで仕事に集中できない。	0
アトピー患者は花粉症になりやすいの？	0
さっさと鼻づまりを解消したいよー。	1
この季節は風っぴきも熱出す子も多いね	0
痰が絡むようになってきたから意識して手洗い。	0
鼻風邪に効く薬を教えてください。	1
花粉症が治ったと思っていたが再発した。	1
風邪で眠いからって、ソファーでうたた寝すると悪化する。	0
今年は花粉少ないから花粉症の人は幸せ	0
朝から下痢気味。今日は大事な仕事があるのにこれはやばいで御座る。	0
咳が酷いからすごく疲れる。	0
スペイン旅行で風邪をもらってきたっぽい	0
遂に花粉症が再発しちゃったよ。かなり久し振りだなあ。	1
今日は薬のおかげで、なんか鼻づまりも止まる気配がする。	1
花粉症対策に使う時間がもったいない	0
巫女さんを見ると体が熱っぽくなる。	0
熱出てるって言って保健室で携帯見てる	0
犬は大好きなのに触るとすぐ鼻づまり。	1
天気頭痛がきた。こんなにきついとは思わなかったな	0
最近お腹が弱くて下痢気味なんだよね・・・	0
咳がすごいから、手洗いをしっかりしなきゃ。	0
下痢って英語で何て言うの、って祖母に聞いたら爆笑された	0
これから会う相手のことを考えると頭痛がするよ	0
リンパ腫れてるし、熱もあるし完璧風邪ひいた。	0
今年一番のひどい咳・痰だなー	0
来春は檜の花粉少ないらしいから花粉症も楽かなと思って対策全然してない。	0
熱があるけど問題ないとか、本当に大丈夫だろうか	0
頭痛には風呂がいいんだってほんとかな？	0
風邪治りかけだからまだ今一だな。頭痛もするし辛い。	0
咳のし過ぎで腹筋割れた	0
鼻づまりがひどくてやばい。なんかやんなってきた。	1
鼻水垂れてる姿を見られて、嬉しい人はいないだろう	1
花粉症には薬が処方されるけど、持続時間は長いけど眠くなるからなあ。	0
鼻づまりになったのが治ったと思ったら、なんか今度は鼻水が出るようになった	1
大人になってからのおたふく風邪ってやばいらしいよ。	0
きつい頭痛が襲っている僕は今どこにいるんだろう？	0
熱は下がったけど、咳が止まらなくてもういい加減腹筋が痛いよー。	0
せっかくのスペインなのに風邪ひいた・・・。	0
兄がインフルになったらしい。	0
咳を止める薬を飲むと副作用で頭がぼーっとしてくるからこの状況で飲むというのは微妙だ。	0
風邪っぽい、最悪だ。本格的な寒気、頭痛。	0
インフルにかかってしまい異常にのどが渇く。	0
熱があるから眠れるか微妙だ	0
春だけじゃなく秋にも花粉症があるらしい。	0
秋なのに花粉症がひどいんだけど・・・。	1
季節の変わり目で風邪ひいて熱出たー。	0
頭痛がするからお風呂で半身浴する。	0
鼻水は止まったけど、会社を休む。	0
薬を飲んだら鼻水止まったぜ！	0
微熱なんだけど花粉症か風邪か判別し難い。	1
上司は頭痛がすると言って早く帰った。	0
生まれてこのかたおたふく風邪になったことがないから怖い。	0
熱があって眠れるか微妙だ。	0
なんか今日はすごく鼻水がやばい。	1
涼しいところに移動して熱を冷まそうよ。	0
妻も遂に花粉症になってしまった。	1
翻訳してたけど、頭痛をうまく訳せなーい。	0
痰が止まると少し楽なのになあ。	0
薬飲んで、やっと鼻水がひいてきた。	1
今日鼻づまりがやばくて、なんか頭痛してきた。	1
熱と鼻水が出ると完全に風邪になったと思う。	1
鳥インフルエンザのニュース見ると鳥かわいそうって思う。	0
遂に私も花粉症デビュー！	1
熱下がったけど咳が止まることはなかった。	0
みんな下痢って、まさか集団食中毒？？	0
あとからわかったけどインフルだった友達と握手しちまった。	0
中国ではまだ鳥インフルエンザが猛威を奮ってるらしいし、今が季節だしより一層気をつけないとね。	0
いくら美人でも鼻水とか体液は生理的に無理だ	0
インフルなので外出できません！	0
しらす丼を食べて下痢になったことを思い出すよ。	0
下痢で腹が痛いので助けて	0
ゆとりは口を抑えて咳も出来ないのかよ。	0
朝から頭痛がやばいから帰宅するわ	0
急ぎの翻訳の仕事が舞い込み、土日もつぶれてしまうのが頭痛の種だ。	0
頭痛はひどいし、鼻水は止まらないし、今日は最悪の一日だわ。	1
おたふく風邪は感染力が強いらしいから、大変だね。	0
来春は花粉が少ないとか言われても、秋の花粉症のほうが重症な私には関係ない。	0
鼻づまりがやばいからなんか今日行くのやめた。	1
風邪ひいたよ、熱も上がってきたから早めに解熱剤。	0
起きると、ちょっと下痢	0
咳き込んだときのエチケットがちゃんとできてない人って多いよね。	0
インフルの検査受けたけど陰性だった。	0
そろそろ朝だし軽い頭痛もあるから風呂入って寝る。	0
わざとらしい咳をしないでほしいな。	0
まさか妻が花粉症になるなんて！	1
朝起きた頭痛がひどい。会社休もうかな。	0
来春こそ、花粉症対策のために病院で注射をしてもらわなければ。	0
花粉症に効果のある食べ物って何かな？	0
宇宙の話を聞いていたら難しくて、頭痛がしてきた。	0
熱あるしリンパ腺めちゃ腫れてるけど、今日は休む訳にいかない、がんばれ俺	0
頭痛がさっきよりは軽くなったけど帰って寝る。	0
ネパール料理辛すぎて下痢した。	0
今日は風が強くて、目が充血して痛むようになった。まさかの微熱も出てきた。こんなにひどい花粉症の症状は久し振りだ。	1
寒気がする。本格的な風邪だ。これで休める。	0
今日は風邪気味や。鼻水止まらん。	1
インフルのワクチンを打ちに行ったよ！	0
高熱で咳が止まらん・・・今すぐ風邪薬が必要なのにこう言う時に限って手元にない。	0
スペインでは新たな注目すべき風邪が流行ってるらしいね	0
インフルで部活休むー	0
熱だけどまあ問題ないよ。	0
寒気がするのは風邪の初期症状っぽい。	0
お腹痛い、熱がしんどい、今日は休む	0
仕事する相手が風邪だと大変だ。	0
なぜかこの季節になると熱出すんだよね・・・。	0
今日は大事な面接日なので下痢みたいなものは勘弁してくれ。	0
インフルエンザから回復しました！	0
下痢だと集中できないから仕事にならん。	0
熱だけでなく鼻水も出てきたよ	1
鼻水、鼻づまりなどいわゆる鼻風邪です。熱はないのに部活は無理だ。	1
インフルエンザが流行る季節が来た	0
来春は花粉症の人が増えるみたい。	0
風邪で頭がぼーっとしてる。	0
ぼーっとするなーっと思ってたら、どうやら風邪っぽい。言われてみればだるいし本格的に参ってくる前に休もう。	0
だるいし熱っぽい。でも風邪だったら会社休めるかも。	0
鼻水を止める薬を飲んだら眠くてやばい。	1
高熱で咳がとまらない。	0
この時期、アイドルの握手会で、インフルエンザ対策とかどうしてるんだろうな。集団感染の温床だろ、あれ。	0
ところで契約書の翻訳作業はどうなったんだろう。きついスケジュールだから頭痛が酷いらしい。相手に聞いてみるわ。	0
今年は花粉症の人は少ないようだ。	0
昨晩インフルエンザのやつと握手しちゃった、握手でも移るのかな	0
妻が花粉症でつらそう。	1
朝から寒いし下痢だしつらいことしかない。	0
熱出して今日はずっとテレビみてる。また東京行きたいな。	0
この季節はインフルが流行るから早くワクチン打ちなよ。	0
まさか鳥のインフルだった	0
手術控えてるのにインフルになった、どうしよう	0
インフルエンザのワクチンの予約取れた！	0
ようやくインフルエンザから回復してきたけどまだ本調子じゃない。	0
花粉症で微熱がでた。怖いわ	1
ところで頭痛に効く何か良薬知ってる？	0
おたふく風邪によく効く薬を開発したとかいつ科学者がスペインから来日するらしくて、相手するようにって言われて準備が大変だ。	0
鼻づまりがひどすぎて頭痛がする。	1
この時期は鼻水に悩まされることがないから大好きだ。	0
花粉症対策でマスク買った。	0
鳥インフルエンザって、海外から来るらしいよ。	0
昨晩の熱はインフルだったのか	0
鼻水が止まらなくてお腹も調子が悪い。これで熱も出てきたら週末の旅行は行けるのか微妙だ。	1
ネパールにいったら食べ物があわなくてお腹壊して下痢になった・・・	0
下痢って英語でなんて言うのかな。	0
咳が激しい、腹筋激痛	0
鼻水が止まるかもと思ったのだ。	1
花粉症つらすぎ。来春は檜花粉は少ないっていうけど対策はしないと。	1
熱下がらんのだけど休むべきだろうか。	0
病院で花粉症に効果がある薬を処方してもらった。	1
インフルにかかったときの鼻粘液をとる検査がつらい。	0
熱が出たんだけど風邪引くにしては季節も遅いし、暖かくなってきたからってエアコンで涼しくしすぎたかな。	0
契約の話聞いたら頭痛が止まらない	0
風邪でぼーっとするし、家事できない。参った。	0
お兄ちゃんがインフルエンザになっちゃった。爆笑。	0
風邪で寒気がするよ。	0
花粉症で微熱が続くのもあるようだ。	0
お腹が痛いと思ったら下痢だった。	0
まさか私が花粉症になるとは思ってもなかったわ。	1
朝起きたら昨日よりも頭痛がひどくなってた。	0
下痢でサッカー練習を休んじまったぜ	0
頭痛がきついときの対策がわからない。	0
頭痛のときに拍手を聞くとさらにきつい。	0
朝から頭痛がするし、だるいから、早退して今帰宅した。	0
本格的に風邪引いたかも知れない	0
お腹が痛いと思ったら、下痢でした。	0
東京の実家から送られてきた写真には愛犬の姿があった。鼻風邪をひいてすっきりしなかったけど、なんか元気をもらって嬉しかった。	1
集団で下痢になった。笑う	0
インフルエンザに鳥もなるんだってさ、怖いね	0
せっかくの旅行だってのに風邪をひくなんて最悪だ。	0
わざとらしい咳払いして来るおばさんキライー	0
鼻風邪の薬飲んだらめっちゃ喉乾く。	1
花粉症に効果のあるお茶とかないかな。	1
来春からは完璧に花粉症対策とるつもり！	0
熱があるんでまだ仕事に復帰できねえ	0
鼻づまりを解消したい！このままでは無理だ。	1
この翻訳の量はきつすぎて頭痛の種だ。	0
頭痛以外はどこも具合悪いところないのにな。	0
下痢って英語でなんていうんだろう。	0
頭痛が一番怖くて、めったにならないので対策を教えてください。	0
娘の熱が下がりません。	0
昨晩のテレビのインフル特集見たら、マスク買いに行きたくなったわー	0
病院行って診てもらったら、痰はむしろちゃんと吐いた方がいいっぽい。俺いままでずっと飲んでた・・・	0
彼のこじらせブログ読んでたら風邪っぽくなった。	0
サッカーしたら下痢がなおったよ	0
インフルエンザになって部活が休みになったよー。	0
本格的に風邪を引いたらしく、だるいし頭がぼーっとする。	0
咳して寝言でマスクだってさ	0
風邪による熱だと思って強い解熱剤を飲んでいたのに違う病気だったらしい。	0
今日朝から何も食べてないのに下痢。やばい。	0
バイキングだからってちょっと食べすぎてやばい、具合悪いってかお腹痛くて下痢っぽい。	0
今年の風邪は熱が上がるってニュースで言ってた。気をつけよ。	0
鼻づまり解消スプレーがすばらしすぎる。	1
鼻づまりが酷すぎて寝るの無理だ	1
鼻風邪が長引いててつらい、東京に来てから風邪ひきやすくなったよ・・・実家の犬と戯れたい・・・	1
鳥インフルエンザってこわっ。	0
朝から下痢になった。	0
最近微熱続きなんだけど、これも花粉症のせい？	1
ネパールに旅行に行った際に下痢になって大変だったよ。	0
下痢って英語でなんていうの？	0
頭痛がひどすぎる。この苦痛から解放されたい。	0
最近寒いからお腹冷えたかな〜。昨日から下痢やばい。	0
鼻づまりの解消方法、誰か教えて。	1
朝起きたら具合悪くて下痢でお腹もやばい。	0
咳のときには、マスクするのがエチケット。	0
携帯電話のバッテリーがすごい熱持ってるんだけどやばくない？	0
同僚め。わざとらしく咳しやがって。	0
寒気がするなあと思ったら案の定風邪でした。	0
熱でて動けない嫁がほしい	0
誰か熱ある人いない？	0
やばい、下痢、トイレはどこ？	0
インフルだってさ、握手できない	0
妻が花粉症になったの久し振りだ。	1
喉の痛みが治まったけど、痰がまだ続く	0
彼の巫女さんへの熱の入れようは問題だよ。誰か携帯のアプリでもいいから指摘してあげればいいのに。	0
咳がひどくて、それだけで体力を持って行かれて疲れる。	0
鼻水出すぎ。どれだけ体液あるんだ。	1
弟が熱を出したようで心配だ。	0
朝から下痢でお腹がやばい	0
リンパが腫れると熱が出るんだっけ？	0
鼻水が垂れまくってる。行くのは無理だ。	1
喉腫れるし微妙にだるい。バイト行きたくねぇからむしろ熱出てほしいわ	0
また契約書類が追加で必要だってことで、頭痛が止まらないぜ。	0
英語で下痢って何ていうのかな？	0
もう既にインフルエンザワクチンが不足してるらしい。	0
こんなに激しい頭痛は久しぶりだ。やばい。	0
妻の花粉症をどうにかしてあげたいな、、	1
花粉症対策何がオススメ？	0
また腹が痛くなってきて下痢になった悪夢を思い出すよ。	0
鼻水止まる風邪薬はどれ？	1
電話してたら携帯が熱持ってこわい	0
携帯の熱がハンパない！	0
今期は早くも花粉症になっちゃったっぽくて、精神的にも肉体的にも疲れる。	1
弟が熱で学校休んでて羨ましい。	0
謎の熱で休んだ。だるい	0
咳を我慢してたら、腹筋がひきつって痛い・・・。	0
ただの下痢だと思ってたら違うみたい。	0
兄と外出する予定だったけどインフルエンザで現在高熱格闘中	0
集団で下痢とかヤバイでしょ	0
熱が出たけど鼻水は垂れてないよ。	0
兄がインフルになったらしい	0
ノロウイルスに集団感染して下痢でつらい。	0
下痢なんで、今日は早く起きる。	0
風邪引いて鼻水止まらない。	1
鼻風邪がやばい。なんか頭痛もするしただの風邪でもないのかもしれない。やばい。	1
インフルエンザのワクチンは打ったほうが良いのかな？	0
下痢で、やばい、お腹痛い	0
鼻づまりがひどいから今日は練習は無理だ。	1
３月になってから喉が痛む。花粉症で今まで喉は痛まなかったけど、これ絶対花粉症の症状だよな。	1
契約が取れなくて頭痛がしてきた	0
風邪を引くと全身がだるくなる。	0
初詣の巫女さんは寒い中あんな格好で熱を出さないのだろうか？	0
くしゃみした瞬間、花粉症かと間違えるところだった。	1
風邪でなんか鼻水やばい。	1
鳥インフルエンザ流行ってるよね。怖い。	0
花粉症で病院に行った時に処方された薬もちゃんと使ってるんだけど、効果があまり出ないんだよね。	1
なぜかクラシックを聴くと頭痛が和らぐんだけど俺だけ？	0
今回に頭痛が激しいのは久し振りだ。	0
おたふく風邪なったことないんだけどそんなつらいの？	0
咳をする時は手当てるのがエチケットだよ！	0
この人の話を聴くと頭痛がする。相手が悪いのか、自分が悪いのか。	0
熱は下がったけど、咳はまだ微妙だな。	0
鼻水が今日やばいので休むかもしれません。	1
今年の花粉症の患者は少ないみたいよ	0
久々に着信があって鼻水出た。	0
部活でインフルエンザが流行って部活停止らしい。	0
インフル流行の季節がまたやってくる。	0
あかん。咳込みすぎて頭まで痛くなってきた	0
頭痛がやばいから、今日は風呂入らずに早めに寝る！	0
娘が熱を出したみたい。病院に連れていくのが遅くなったらいけないから、テレビを消して病院に向かうよー。	0
熱があってまだお腹が腫れる。	0
インフルにかかったけど回復してきた。水分沢山取らなくちゃ。	0
熱あるんだけど巫女のバイト行っていいかな	0
咳止め飲んだけど全然治まりそうになくって、痰も混ざってきてる。	0
あまりの寒さでさっき温めたばっかりの弁当からどんどん熱が奪われていく。	0
早くも花粉症になったのは私です。	1
明日から旅行なのに寒気が・・・風邪かな？最悪だ。	0
咳だけでなく、高熱も出てきた。薬が必要だよ！	0
お腹を冷やして下痢になった。	0
頭痛がしてたから相手の話ちゃんと聞いてなかった・・・。	0
来春は花粉症そんなにひどくならないって話だけど本当なのかな？	0
数日前から高熱に咳もでて死にそう。	0
風邪薬飲んだら眠くなってきた。	0
弟が熱出してるって聞いて弁当買って見舞いに来てるんだけど、普通にお腹空いたってがっついてて本当に病気だったのか微妙だ。	0
鼻水止まらない、仕事無理だ。	1
薬飲んだら咳とまった！	0
お腹がいたいとちょっと下痢かもと心配になるぞ。	0
翻訳中に頭痛発生しましたね。	0
人前では咳のエチケットを守ろう	0
人生初のインフルエンザ、ようやく回復してきた！	0
痰がからんでひど過ぎるプレゼンしたから、単位微妙だ。	0
会社でインフルのワクチンを受けてきた。思ったより痛くなくてほっとした	0
ちょっと下痢なのかもしれない。	0
弟から風邪うつされた、熱が出てリンパも腫れた。	0
風邪をひいたけど、これでゆっくり休めるね。	0
下痢気味で電車に乗るのはマジで笑えない。下痢止め使うわ	0
咳のひどすぎて腹筋が鍛えられそう。頭は微妙	0
インフルエンザのワクチン打ちに行ってきた。	0
咳のしすぎか。腹筋痛い。	0
熱が出てて携帯いじるのも辛い。	0
ニュースで熱が高い人は病気知らずと言っていた	0
犬も鼻づまりになるんだ。	0
誰でもいいから風邪を一瞬で治す薬を開発しておくれ。	0
インフルで外出できないしつまんなくてずっとテレビ見て爆笑してるわ。お見舞い来てくれる人、お土産待ってまーす！	0
東京に来てから鼻水が止まらない・・・。	1
下痢で朝から起きれない。ちょっとやばし	0
祖母の作った親子丼で下痢になった死んだ	0
寒気がする。しかもぼーっとする。これは風邪かも。	0
風邪だから薬を飲んでいるけど、副作用のせいで眠い。休めるなら休めばよかった・・・	0
咳しすぎると疲れるっぽいね。	0
朝起きたら激しい頭痛。やばい。	0
いい花粉症対策、誰か知ってる？	1
隣のやつの咳がわざとらしくてイライラする	0
咳をしすぎて腹筋が痛い。早く治まらないかな。	0
今年はインフルやばいらしいから、ワクチンはしっかりやっとけよー	0
下痢だけど仕事には行かないといけない。	0
起きるとお腹が痛くてやばいと思ったが案の定下痢	0
痰が止まるとすっごい楽になる。	0
咳のしすぎで腹筋が筋肉痛・・・	0
最近寒いし、具合が悪いことが続いてます。今日は下痢。	0
水疱瘡って感染しても熱が出ないケースもあるらしい。	0
胸の痛みはしなくなったが、まだ時々痰が出る	0
頭痛が激しいので早退した	0
長引く頭痛は苦痛以外の何ものでもない	0
いま、インフルのワクチン打ってきた！	0
風邪最悪だけど、休める訳もない。	0
鼻づまりがようやく治ってきて嬉しい。	1
インフルエンザのときは外出をひかえなくちゃね。	0
来春は檜花粉が多いらしい。花粉症には辛いなー。	0
最近いつもお腹が痛い。下痢はしていないが仕事つらい。	0
インフルって悪化したら手術になるのかな？	0
テレビのニュースで高熱が出る感染症が流行っているとのこと。皆さん、気を付けようね。	0
うちの犬が鼻風邪ひいたのか、クシュンクシュン言ってる	0
翻訳作業が苦痛だぁ。頭痛がしてきた。	0
近所の奥様方の声がうるさすぎて、頭痛になって、この家きつすぎる。	0
英語で下痢って何ていうんだっけ。誰か言ってた気がするんだけど思い出せない。	0
インフルのワクチン打ったよ	0
今年は花粉症の対策をしないぞ	0
下痢だが体力をつけるために食う。	0
下痢のときは毒を体から出すと楽になる気がする。	0
昨晩からインフルで寝込んでる	0
まさか花粉症になるとは。	1
昨日から咳が止まらない。	0
帰宅してもまだ、頭痛がするんけど。	0
兄がインフルにかかった！家に受験生いるのにありえないんだけど！	0
毒でも入っていたのか。下痢と嘔吐がとまりません。	0
インフルが怖いから、ワクチン注射しに行く。	0
鼻づまりが止まるまで寝苦しいよ。	1
痰が切れないのかわざとらしく咳をしている。	0
咳がひど過ぎて腹筋やばい	0
頭痛がひどくて今は音楽聴くのもつらい	0
下痢が最近、やばい。	0
微熱が続くから病院行ったら、ただの花粉症しかないって言われた	1
熱を素早く下げる方法、朝のニュースでやってた！	0
咳をするときは手を押さえろよー。それくらい社会人としてのエチケットだろ！	0
鼻風邪くらいなら薬いらねー	1
花粉症対策にはマスクが一番です。	0
ぼーっとしています。だるくしています。寒気がしています。これって風邪？	0
咳するだけでも体力使うし、疲れる。	0
巫女さんのバイトやったら熱でちゃったし	0
ヘッドホンして曲聴いてたけどだんだん頭痛がしてきた。よく見たらフレームが微妙に曲がってて圧迫してたのかも。	0
ずっとお腹がいたいから下痢かもしれない。	0
頭痛がするのは宇宙からの電波を受信している証拠だよ。	0
久しぶりに家族で外出して海老フライ定食を食べた。とってもおいしかった！インフルになって寝込んでいた母もすっかり回復して本当に良かった。	0
そろそろ花粉症対策はじめなければ。	0
おたふく風邪って相当痛いらしいね。	0
集団で下痢になってしまうのが社会問題になっているらしい。	0
契約が必要と聞いて頭痛がしてきた	0
今日はインフルで休んでいる子が沢山いる。	0
頭痛のときに仕事をするのはきついから、早めに対策を取っておくことが必要だ。	0
鼻風邪引いた。家に引きこもって本読むわ。	1
起きるなり下痢、これってやばい？	0
花粉症対策にはヨーグルトがいいみたいだよー。	0
現代科学の叡智を結集しても未だに風邪を治す薬が開発できないのは納得がいかない！	0
仕事中に下痢になっちゃって、ちょっと、もう、早退したいで御座る。	0
軽い頭痛がする。風邪かもしれないから今日はもう寝る。	0
下痢でお腹壊したと学校に言おうかな。	0
いつもと違う食べ物を食べたら、下痢になった。	0
水の様な鼻水が止まらない。やばい学校休む。	1
最近、お腹の調子がちょっとやばい。今日も下痢で朝から具合が悪かったし。	0
鼻水がやばいったらない。薬飲めば止まるかな。	1
インフル薬飲んだら速攻回復した	0
携帯が熱を持ってて、やばい、誰か助けて	0
頭痛の症状軽いから大会出ようかな。	0
娘が熱出して、仕事に行けない	0
ネパールの激辛料理を食べるとその後はいつも下痢だよ。	0
おたふく風邪なら大変だ。	0
兄がインフルエンザ、爆笑	0
娘がまだ熱が下がらないので、会社休みます。	0
熱下がらない。弁当に鼻水たれた。後輩に見られた。最悪だ。	1
このタイミングで風邪とか最悪だろ	0
犬のブログを通じて知り合った人が鼻づまりで息ができず苦しいらしい。たかが鼻水だけの鼻風邪と侮れない。	0
風邪で頭がぼーっとする。	0
だるいし寒気がするし風邪っぽいー	0
インフルエンザだし、部活休むわ。	0
来春の花粉症は軽いといいなぁ。	0
マスクしないでゲホゲホするやつなんなん？咳エチケット守れや。	0
風邪だと思ってたんだけどずっと治らないしなんか病気なのかもしれん。	0
咳が止まらなくて腹筋が痛い	0
花粉症患者にはつらい季節がやって参りました	0
最近お店の仕事が忙しくて疲れる毎日だ。疲れると花粉症の症状もひどくなる。そして遂に妻も花粉症が発症した。	1
風邪っぽいと思い込んでると本格的に風邪ひいた	0
頭痛対策として好きな音楽を聴くこともある。	0
集団で下痢だってさ、怖いわ	0
鼻づまりで頭痛までしてきた感じだ	1
熱もあるし鼻水も出るしつらい。	1
来春の花粉症はあまりひどくないらしい。	0
感染して熱が出るケースは少なくないらしい。	0
くしゃみが止まらない、まさか花粉症かも	1
たばこ吸い過ぎて、痰がひどい	0
あー昨晩から体調悪いと思ってたらインフルだった、、	0
犬が鼻水垂らしている写真が大好きだ	0
なんかがんばったら鼻づまり止んだ。	0
背中がぞくぞくする、インフルエンザかな。	0
熱は出てるけどお腹に来る風邪じゃなさそう。	0
鼻づまりがひどいけど、私は頑張ってブログを書くよ。	1
鼻づまりが解消して嬉しいわ	0
お腹痛くて下痢で仕事遅刻	0
鼻づまりがひどくて頭痛もしてきた	1
頭痛がやばいから帰宅して寝るー	0
鼻水、鼻詰まりを含む典型的な鼻風邪になったので今日の面接は無理だ。	1
高熱が出て仕事中、鼻水が止まらなくて焦った。	1
テレビでやってたけど、感染してしばらく時間が経ってから熱が出るらしい。	0
この微熱が続いて疲れる感じ、まさかの花粉症か？	1
咳を抑える薬を飲んだら眠れた。	0
今日は何度も下痢がでちゃった。	0
花粉症に加えて公害のせいで鼻水が滝のようだ	1
鼻風邪、やばい。早く薬のんで休む。	1
ゆとり世代は咳が出るやら痰が切れないだですぐ会社を休む。	0
集団食中毒にまきこまれて下痢を起こしている	0
花粉症だと思っていたのにまさかの微熱。風邪かもしれない。	1
スペイン風邪ってのが昔流行った。	0
鼻づまりが止まるテープ買わないと	1
テレビのニュースで熱が出てる子は少ないって言ってた。	0
インフルに罹ったせいで学校に行かなくていいのはいいけれど、部活にも出られないのが辛いな。	0
ここまでひどい頭痛は久し振りだなぁ。	0
ただの風邪かと思っていたらおたふくだった！	0
朝起きたら下痢だったつらい。	0
朝起きるとお腹痛くてトイレ行ったら下痢だった	0
最悪だ！だるいし寒気するし風邪引いたっぽい。	0
娘が熱出して、見事私ももらってしまいました。	0
娘が熱出したので早退。	0
こんな激しい頭痛は久し振りだぜ	0
咳がひどいな風邪っぽい。	0
来春は花粉が少ないみたいだから、花粉症の患者さんは助かるね。	0
インフルに感染したっぽい、熱下がらない	0
咳が出たときは肋骨の辺りをマッサージすると止まる。	0
インフルエンザかもしれないから部活休もうかな。	0
頭痛がするし熱っぽいしだるいし風邪をひいたらしい。	0
熱っぽいのに誰か来ちゃうし。	0
鼻づまり解消には鼻洗浄が効くらしいけど、試す勇気がない。	1
まさか自分が花粉症になるなんて・・・！	1
風邪のときは科学的に寝れば良いと証明されている。	0
クラシック聴くと頭痛する、苦痛以外のなにものでもない	0
鼻づまりが解消できるグッズがあればいくらでも出す。	1
仕事中もずっと下痢で、ちょっとのつもりが十分以上もトイレに篭っちゃったし。	0
咳き込み過ぎて腹筋痛い。	0
職場でちらほら病欠の人が出てきてインフルの季節を感じる。	0
頭痛は何か対策ができるんですか？	0
熱が４０度まであがってきた。今思うとどこで感染したんだろう？	0
花粉症の人とアトピーの人ってどっちの患者が少ないのかな？	0
熱が下がったので巫女のバイトをしに東京へ行こう。	0
朝から猛烈に腹が痛かったけど、案の定下痢だった。	0
やばい今日風邪引いたかも、鼻水止まらない。	1
季節外れのインフルエンザに感染していま高熱出てます。	0
月曜は何時も下痢だわ	0
ネパールに旅行に行った時、水が合わなかったのか一晩下痢が続いて大変だった。	0
咳で腹筋つりそう、、	0
インフルエンザから回復したので外出した。	0
兄が昨晩手術だったのに、インフルで外出できなかったから、手土産の一つも持っていけなかったよ。	0
熱があるので布団に潜ってずっと携帯みてる。飽きてきた。	0
夜中に起きたのは下痢のせい	0
鼻づまりひどくて薬飲んだら喉が乾きすぎる。	1
下痢で辛い思いしたことを思い出すよ。	0
こんなに激しい頭痛は久し振りだ。早く帰りたい。	0
本格的な風邪のせいで、いつもは完璧だと言われる仕事が今一だと言われる始末で最悪だよ。	0
咳を抑えるのは手洗いが一番だわ	0
英語で下痢ってなんていうのだ？	0
わざとらしい咳ってリアルで見るとむかつくよね	0
ネパールに旅行行ったら下痢になっちまったー	0
なんか鼻風邪ひいたっぽい	1
わざとらしい咳をして笑いそうになるのをごまかすとか、漫画だけの話だと思ってた	0
咳が出るときはエチケットを守ってほしいよね。	0
鳥インフルエンザのニュースを見た。感染した疑いがあるアヒルやニワトリ３２万羽を処分したとのこと。危機管理しっかりしているよね。	0
熱はあるけど問題ない。今日の飲み会は絶対行くんだ。	0
インフル治りかけだからまだ外出できないな。	0
わざとらしい咳がうるさい	0
まさか、この俺が花粉症になるなんて・・・。	1
最近疲れると咳がとまらないし、胸も痛い。大丈夫かな？	0
甲高い女性の声を聴くだけで、頭痛が酷くなる。頼むから声落としてくれないかな。	0
サッカーの決勝戦前に下痢になったとか笑うしかない	0
花粉症つらい。檜なんて絶滅すればいいのに・・・	1
ところで音楽を聴くと頭痛がひどくなる。	0
君がスペイン行ってる間、俺は風邪ひいてたけどな！	0
スマホケースが熱で溶けた・・・	0
わざとらしい咳をする上司って最悪。	0
インフルにかかった奴にお土産渡す	0
問題は、巫女さんが熱でたらしく、そこにいないってことなんだよなあ	0
花粉症再発、こんなつらいの久し振りだ	1
大人になっておたふく風邪やって死にかけました	0
朝やばい頭痛に襲われてから体がだるくてしょうがない	0
花粉症が再発してつらいよ	1
娘がずっと鼻水出してる。熱はないんだけどなー。	1
兄がインフルエンザにかかった！みんなも気を付けて！	0
風邪で薬のんだけど、なんか鼻水だけ止まらない。	1
ソロソロ頭痛さんは帰宅する時間でないか？	0
保育園での集団生活。今は下痢が流行中。	0
風邪を治す薬って開発されているのかな？	0
朝下痢止まらなくて仕事行けないかと思った	0
咳するだけでも疲れる体力のなさ	0
まとめブログ読んでたけど、犬も鼻風邪引くんだな。写真載ってた。	0
妻の鼻水がひどかったから風邪かと思って病院に行かせたら、花粉症だったらしい。	1
風邪でだるいしぼーっとするし最悪	0
秋でも花粉症の患者さんはいるみたいだし	0
頭痛だが強力な薬を飲みマスクもきつく装着完了し俺はデート行きます。	0
スペイン風邪とおたふく風邪の違いを教えてくれ	0
花粉症治ったかと思ってたけど今年から再発したみたい	1
激しい運動をしたからか、頭痛もあるし体もだるいし、今日はお風呂入らないで寝る。	0
ネパール人て下痢なる？	0
海外で下痢になって、でも英語が話せなくて詰んだことがある。	0
リンパマッサージ行ったら熱出てきた	0
風邪って病気に入らないよね。	0
３歳の娘が風邪だが、おたふくじゃないかと不安。	0
起朝ごはん食べてからお腹の具合がやばい。下痢かも	0
こんなに遅い時間なのに、地面が熱を持っている。	0
インフルエンザの検査に行く。	0
ニュースで見たデング熱、怖すぎる	0
妻が花粉症で毎年春は大変だなあと思って見ています。	1
娘の熱と鼻水がひどい	1
旅行に行ったら、土産にインフルもらってきた。	0
今年も鳥インフルエンザがあったのか。	0
頭痛は久しぶりだ。さっさと帰る。	0
咳がやっと止まってきたよー。よかった	0
鼻水が少し垂れてきただけで会社を休む、俺の妻。	1
インフルエンザだよ、いやな季節だね	0
スペイン風邪調べたけどやばいな	0
この熱って感染と関係ないといいけど。	0
爆笑したら危うく下痢が出るところだった。危なかった。	0
頭痛で体全体がとてもだるい。	0
嫁が熱出して寝込んでるから、弁当でも買って帰ってやるかな。	0
眠くてだるくて参った。風邪だ、最悪だ。頭痛っぽい。	0
朝起きると下痢がひどくて会社休んだ。	0
頭痛が治らないのは苦痛でしかない。原因が分からないから対策もできなくて辛い。	0
花粉症って秋の方がつらい気がする。	0
咳を抑える薬買わなきゃ。	0
鼻水が本を読み始めると垂れて来るんだよね。	1
風邪ひいちゃったから、行けるかどうか微妙だな。	0
インフルの奴って沢山居るよな	0
嫁の熱が移って仲良く休むことに、とほほ。	0
リンパが腫れて高熱出た	0
仕事中に下痢になるのだけは勘弁。	0
来春を見通して花粉症対策のアイテムを買った。	0
スペイン風邪って１億人くらい死んだらしいね、すごい。	0
花粉症、今年は万全の対策する。	0
鼻づまり解消には我が家の犬と戯れるといいよ。	1
遂に花粉症になってしまった。	1
無事インフルから回復しました。	0
咳で胸ヒューヒュー言ってるわ	0
周りに咳してる人が多いときはいつも以上に手洗いを徹底しないと。	0
昨日も下痢、今日も下痢、何時も下痢	0
あまりにも咳がひどくてわざとらしい咳だと言われたがこちらは高熱で大変なのです。	0
わざとらしい咳をするなよ	0
スペイン風邪って大変みたい、誰かのブログで読んだ。	0
インフルになってしまった、体調管理大事。	0
そろそろ起きる時間だ。寒いから布団から出たくないし下痢とか最悪。	0
なんか鼻づまりで、息が苦しい。	1
咳がいつ止まるのか不安。	0
頭痛がひどくなってきたからとっとと帰るに尽きる	0
なんか今日の給食変な味がしたので集団で下痢とかなったら怖いよー。誰か助けて。	0
花粉症対策で訪れる患者の数が増えている。	0
インフルエンザのかかりやすさって性によってちがうのかな。うちでは女性陣だけ罹患した。	0
こんなに激しい頭痛久し振りだぜ	0
咳しすぎて腹筋痛いし、ちょい血痰が混じるようになったしそろそろ俺やばい。	0
ところで頭痛はおさまったの？	0
下痢やばい学校間に合わん	0
咳がひどい上に痰が混じってきた、明日病院行かなきゃ	0
鼻づまり解消法をだれか教えて！	1
旅先で祖母に下痢の症状があり、薬局で英語が通じなかったのもいい思い出だ。	0
インフルにかかった。爆笑。	0
鼻づまり解消ブログ書いたから読んでくれると嬉しい	0
わざとらしい咳しやがって。	0
鼻づまりで今日は休むわー	1
今日は下痢で何も食えないし寒いしやばい。	0
どんなに科学が発達しても風邪や病気はなくならないだろう。	0
弟は、鼻水に熱。嫁は熱とお腹くだし。最悪だ！	1
来春の花粉症少ない見通しだって！助かる！	0
ネパールの旅行中に生水を飲んだら下痢をした。	0
咳がひどいので疲れる。	0
とてつもない腹痛で朝起きる時は大体下痢なんだよね	0
咳をしすぎて腹筋が痛い。まったく治まる気配がないからそろそろ病院に行かないとやばいかも。	0
熱が下がっても登園できないときはテレビばかり見せてしまう。	0
ブログには高熱が出て痰も出ると書いていた。	0
最悪だ・・・。絶対コレ風邪だ。	0
毎年インフルの予防ワクチンの接種受ける気がしない	0
鼻風邪は犬も食わないってさ。	1
風邪つらい。熱が上がってきてるよ。解熱剤が欲しい。	0
咳がでるときはマスクをするのがエチケットだよね。	0
咳が止まらないので、手洗いをわざとらしいくらいにやってみた。	0
激しい頭痛がする。こんなの久し振りだ。	0
鼻風邪に加えて頭痛も酷くなってきたし、いよいよ限界の感じがある。	1
朝から問題発生しています。娘が熱あるけどまだあきらめないよ、お母さんは。	0
手洗いうがいで咳をしないようにしよ！	0
やっと鼻水止まるわ。	1
君の風邪には、昆布茶をどうぞ！	0
痰と血が混じっていて、もうダメかもしれない	0
花粉症に効果のあるお茶もらったよ。	1
咳、のど、風邪に症状！そして、高熱	0
まさか妻の花粉症が再発するとは！	1
花粉症からまさかの微熱。	1
花粉症は久し振りだって、ホントかなー	1
最近よくお腹が痛いよ。下痢とまらないし。	0
花粉症対策、マスクと眼鏡だけは必ずやってる。	1
今日も今日とて下痢で御座います	0
季節の変わり目は毎年熱出してる気がする。	0
花粉症対策をそろそろ始めるぜよ。	0
風邪くらいで休めると思うなよ	0
うちのクラス、集団で下痢事件	0
咳がひどいと腹筋が痛くなるし疲れる。	0
携帯が熱をもっている。熱いよ。	0
昨晩ついにインフル発症してしまった。	0
咳にはマスクがエチケット。	0
隣に住むゆとり世代の女性が、ブログに咳をして高熱でうなされてる写真を投稿してるよ。	0
朝から頭痛でやばい。	0
最悪だ。これから大切な会議なのに、風邪引いて頭がぼーっとする。	0
兄がやっとインフルから回復した。	0
さっき帰ってから頭痛が。風呂に入るのもだるい。	0
皆の花粉症対策教えてください。	0
下痢で腹痛くて起きちった	0
ちょっと、ちょっと、ちょっと。やばい、下痢？	0
どうやら鳥インフルエンザが流行っているらしい。	0
痰がひどいので、薬を飲んだよ。	0
本格的に風邪をひいたらしく、完璧に参ってしまった。	0
犬でも鼻風邪ってなるのかな。	0
朝寒いからかなあ、やばい、下痢した。	0
きつい装着で頭痛がしてきた。	0
僕はいつも咳の症状が出てから高熱が出る	0
下痢かも、なにが毒のもの食べたかなぁ。	0
来春こそ花粉症に効果がある療法を見つけたいよ。	0
風邪ひいて鼻水が止まるよう薬飲んだよ。	1
頭痛でだるいからもうやだよー。	0
インフルのワクチンが不足してるって	0
下痢で小学生の頃を思い出す	0
まさか花粉症になるとは思わなかった。	1
昨晩インフルにかかったかとおもった。	0
犬と戯れてたら鼻水が出てきたぜ	1
やばい。いま仕事中なのに下痢で漏れそう。	0
高熱でもよく眠れる薬って何？	0
寒いせいか朝から下痢がやばい！	0
今回風邪ひいたのは家族の中で私が最初だった。	0
やばい、鼻水が止まらない。	1
風邪で頭がぼーっとしてきた。	0
来春の飛散量はすごいので、花粉症の俺には大変だ。	0
まるで花粉症のときのように鼻水が止まらない。	1
今日も下痢で御座る。会社行きたくない。	0
インフルのワクチンまだ打ってないわ、どうしよう	0
まさか花粉症になった？つらい	1
昔、ひどい下痢になった事を思い出した	0
インフルエンザのワクチンって性機能強化にもつながるらしい・・・	0
インフル流行ってる季節になったねぇ	0
英語で下痢ってなんていうの？	0
花粉症のせいで常にしんどい。ぼーっとして先輩の名前を間違えるという失態を犯してしまった。	1
知ってる人少ないかもだけど、秋にも花粉症あるから！	0
インフルっぽい症状だから検査したらばっちりインフルだった。	0
宇宙について考えると頭痛がする	0
下痢に負けずサッカーをした。	0
咳も痰もひどいし、熱っぽいし、体調も微妙だ。	0
花粉症対策でめがねをかけよ	1
鼻水が止まる薬がほしい。	1
兄ちゃんのせいでインフルうつった。	0
なんかインフル流行ってるけど、鳥も季節で流行るのかな？まだワクチンできてないから殺処分？もう結構話題になってから経ってるのに、めっちゃ御粗末だよねー。	0
集団食中毒で下痢になったー。	0
まさか中国で花粉症になるとは思わなかったな。	0
熱が出て首の辺りが腫れてる。	0
兄と同じ部活が一緒の人が昨晩からインフルになってしまったらしい。	0
まさか私も花粉症デビュー・・・	1
頭も痛いし痰もひどい。完全に風邪だ。	0
花粉症で目と喉が痛む	1
来春は花粉症デビューの予感	0
リンパが腫れているなと思っていたら、熱が出てきた。	0
インフルエンザになって外出できません！	0
朝眠いし起きれない時に、体温計擦って熱あることにすれば風邪って思われて絶対休めるしバレないし完璧だわ。	0
今日で一週間、まだ熱が下がらないんだけど。	0
うちで働いてる女性が、高熱で休むとわざとらしい咳をしながら電話してきたんだけどブログで遊園地に行ってるって書いてて笑った。	0
咳が治まるよう薬を飲んだよー、治ればいいな。	0
この時期に風邪にかかるなんて最悪だ	0
おたふく風邪って大変なの？大人がかかった場合。どうぞどなたか教えてください。	0
今朝起きたら下痢で、ホントやばい。お腹、痛い。寒い。	0
インフルエンザの多さに危機感を感じます。	0
頭痛が苦痛、無痛はいつ？	0
頭痛対策の薬もらったけど全然効かない。	0
頭痛がひどくてまじ授業が苦痛だよ	0
熱が出て、こりゃインフル感染か。	0
握手した人がインフルになったんだけど、移るのかな？	0
長風呂したら頭痛なおった！リラックス大事だな〜	0
最近急に東京涼しくなったからか、風邪ひいて熱。	0
風邪を引いたのは今年最初だ。強い解熱ができる薬ないかなぁ。	0
昨日から頭痛が酷くなってきている。早退して今夜は早めに寝るか。	0
風邪で鼻づまりがひどい。	1
頭痛には対策が必要だ！	0
東京には熱がこもりやすいから節電しちゃだめ！	0
弟は熱がありリンパも腫れるしお腹も痛いらしい。	0
熱があるから涼しいとこに行きたいー	0
風邪で頭がぼーっとしてる。だるい！	0
だるいし熱っぽいし風邪だから忘年会欠席しようとしたら無理やり出席させられた。	0
サッカーの試合観戦のため、ネパールに行っている間中下痢に苦しんだ。	0
ゆとりのやつって、すぐ咳してごまかすよね。	0
咳を手でおさえるくらいのエチケットもないのかよ	0
まるで花粉症のように鼻水が止まらない。	1
咳がひどくて声が出ないよ	0
頭痛の対策ってあるのかね？	0
犬がでてくる物語が好きすぎて、どうしても感動してしまう。このシーンとか無理だ、鼻水がとまらないよ。	0
テストの日に風邪を引いた。最悪だー。	0
兄がインフルエンザの症状から回復した矢先に今度は私がインフルに感染してしまった。	0
鳥インフルエンザはずさんな管理でなるわけじゃないみたいだ。	0
昨晩からインフルエンザっぽい症状出てるんだよね。	0
鼻づまりが止まる気配なし！やばい。	1
東京では自動車やエアコンから排出される熱が暑さを助長している。	0
薬飲んだら鼻水鼻づまり、ピタッと止まった。	1
お風呂にはいったら頭痛が軽くなった。	0
携帯見てたんだけど、東京の神社では巫女さんのアルバイトを募集してるね。去年より少ないけど。熱が出ると応募できないから養生しなきゃね。	0
頭痛が酷いので帰らせていただきます。	0
痰に血が混じるのはやばいんだっけ？	0
鼻水止まらない！やばい！	1
痰が詰まって思ったのがうがいって本当に大事だ。	0
リンパ腫れて熱出てきた。明日仕事行けるか微妙だな。	0
寒気とだるさと頭ぼーっとする。風邪かなこりゃ・・・。	0
まさかの花粉症に、自分でも驚いてます。	1
ネパール料理を食べた後にしっかり手を洗わないと下痢になるらしいね。	0
インフルの検査しなきゃだー	0
花粉症に効果があると言うものは、全部試したけど。	1
頭痛がひどいとき、宇宙と交信できる気がする。	0
今日起きると下痢になっていた。やばい。	0
なんか鼻風邪っぽいけど今日のバイト休もうか迷う。	1
最近下痢っぽくてつらい。子供の頃を思い出した。	0
下痢とはちょっと違う症状なんだよな。	0
土産にインフル置いていくとか勘弁して。	0
今日の朝から鼻水止まらん	1
今年の風邪は熱が出るってニュースでやってたー。	0
鼻水が止まらない。頭がぼーっとして頭痛もしてきた。そんな時は風邪薬より頭痛薬のほうがなんか効くんだよね。	1
テレビのニュースで携帯が熱もってるとやばいって見た。	0
やばい、お腹が痛いと思ったら下痢だ。	0
風邪で体がだるくてぼーっとする。	0
兄がインフルエンザにかかってしまいました。	0
頭痛ひどすぎて帰りたい	0
最近軽い頭痛が慢性的に起こってる。	0
最近下痢ばかり続くのだけど、これはやばいよね？	0
中国で鳥インフルエンザが確認されたとさっきテレビで言ってたよ。	0
咳ぐらいで済んでるうちに対処するのが大事だよね	0
花粉症で微熱で、疲れる	1
鼻水とか鼻血とか他人の体液に触れるのは生理的に無理だな。	0
風邪が治らないので、明日のブログの更新は延期します。すみません！	0
一日中頭痛がひどくてきつい	0
鼻づまりとともに頭痛がきて学校休むわ	1
あの子の鼻づまりの声が大好きだ。	0
おたふく風邪って、風邪以上だよね？	0
鼻水、鼻づまりがやばい。薬を飲んでるのに鼻風邪には効かないらしく今日は休むことにした。	1
熱が下がらないから、今日行けるか微妙だ。	0
ブログに咳についてのエチケット記事を書いた。	0
熱が出た！やっぱり巫女さんのバイトの服装は涼しすぎたかな。	0
この季節、咳や痰には悩まされるよね。手洗い、うがいは大事だよ。	0
熱が高いから何かに感染したかなぁ	0
アトピーの療法は花粉症にも効果あるらしいよ	0
だるいし、頭痛だし、早く帰宅したい。	0
咳が出るならマスクするのがエチケットだろ	0
痰抑える薬がまずくて小一時間格闘してる・・・	0
本格的に風邪を引いたようなので、身体を休めます	0
少ない熱であれば問題ないという勝手な自己判断が正しいのか。	0
何時もお腹痛いってトイレに行ってるけど、下痢をしてるわけじゃないよ。	0
お風呂で温まると収まる頭痛と悪化する頭痛があるんだって。	0
熱もあるし鼻水も出るしお腹も微妙だ。	1
熱くらいで休むとみんなになんか言われるからなあ。	0
下痢で仕事に集中できない。	0
おたふく風邪って、感染力強い？	0
スペインでおたふく風邪が流行っているそうで、どうぞお大事に！	0
寒気するわ、風邪じゃないかな	0
これはまさか・・・花粉症というやつでは・・・	1
風邪でもおたふくでもどちらも大変だ！	0
熱に効く弁当のおかずって何だろう。	0
激しい頭痛だけど、医者に断られた	0
秋にも花粉症ってあるんだ。	0
なんか今日は風邪引いたのか、鼻づまりがすごい。	1
頭痛もするし、寒気もするし。どうやら風邪ひいたみたい。	0
朝から頭痛がやばいから風呂に入って寝る事にする。	0
インフルワクチン注射したのに	0
中国で鳥インフルエンザが流行ってるって本当かな？	0
だるいし頭痛がひどいしで早めに帰宅中。	0
最近仕事がきつい。夕方になると頭痛がするよ。	0
風邪ひいて頭が痛いから、どこかぼーっと出来るような休める場所があったらいいのに。あぁ、最悪だ。	0
秋だから花粉症の対策する人少なくない？	0
鈴木君からもらった解熱剤が効きすぎてすごい、風邪速攻でなおった	0
鳥インフルにインフルエンザのワクチンが有効か調べる。	0
風邪は病気に入らないらしい。大変だ。	0
誰かー、花粉症の良い療法知りませんかー？	1
熱がまだ下がらない。	0
秋の花粉症は少ないからあんまりわかってもらえなくてつらい。	1
犬が鼻水垂らしてるしゃしん送られてきた。	0
痰がでるときは特に手洗いとうがいをしようよ。	0
女性の咳っていろんなパターンあるよね。	0
インフルエンザって、かかっても手術とかすることはないよね？	0
インフルエンザっていつ回復すんの？	0
早くも花粉症に疲れている妻であった。	1
咳で腹筋が痛いってさ。相手するの疲れるわ	0
子供の頃の写真でてきたんだけど俺ほとんどの写真で鼻水たらしてる。どうなってんだ。	0
田中君が風邪をひいて何日も学校を休んでいる。普段病気に強い彼なのに珍しいな。	0
さっき頭痛がしたので帰ることにします。	0
おたふく風邪っぽい症状が出てるんですけど・・・・・・	0
鼻づまりだけでも解消したい。	1
マスクしてる人が多いけど、そろそろインフルエンザの季節か。	0
風邪とおたふくは全然違いますから！	0
またインフルの季節がきた	0
咳をしすぎると疲れるし、頭も痛くなってきたっぽいんだよね。全然治まらないし、最悪。	0
電車で隣に座ってる女性がずっと咳してる。マスクマスク	0
海外だとすぐ下痢するから、日本のありがたさが身にしみる。	0
朝から下痢でテンション下がるー。	0
下痢が止まらなかったあの日を思い出す	0
熱が出て無理して仕事行ったらひどくなった。病院行ったら来るのが遅いと怒られた。	0
彼が高熱でうなされて寝言と咳がすごい・・・	0
昨晩熱をはかったときは３６度だったが、今日はかったら３８度で、まだインフル治ってないっぽい。	0
生姜湯を飲んでいれば咳が止まるっぽい。	0
普通は咳するとき口を手で抑えるだろ？	0
空港から搬送された例の患者、デング熱に感染してたらしいよ。今朝、東京に帰って来たんだって。厚労省が発表してたの、テレビのニュースで見た！	0
痰が出なくなってきたから治ったっぽいぞ！	0
インフルかと思って病院行ったけど、検査したら違ったよ。	0
下痢の英単語の例文がおもしろすぎる！こんなの笑うわ！	0
秋にも花粉症があるらしい。	0
痰は道に吐いちゃダメだよ。それはエチケットだから。	0
寒気すると思ったら完全に風邪ひいたわ。	0
巫女さんを見るとテンションが上がりすぎて熱がでる。	0
花粉症で頭がぼんやりして疲れる。	1
花粉症対策しなければ！	1
ゆとりは咳するときのエチケットも知らないからゆとりだ	0
早く鼻づまり解消されないかな・・・。	1
アトピー患者って花粉症になりやすいの？	0
鼻風邪くらいなら薬で治るさ。	1
インフルエンザで昨晩は死ぬほど辛い思いをした。	0
風邪をひいたらしく寒気がするしだるい。	0
花粉症の対策に体を温めるのは有効らしいよ。	0
インフルエンザの季節だね	0
今日は朝から下痢がひどい。	0
大事なテスト前のこのタイミングで風邪とか。最悪だ。	0
感染症は熱を持ってるとさっきニュースで見た。	0
弁当の熱がだいぶありびっくりしたよ。	0
パソコンの使いすぎで頭痛が起きたから対策メガネを装着して見た。ましになるといいな	0
まさかの花粉症再発。	1
痰っぽいものが目から溢れ出す	0
花粉症対策にファスティングしてみよう。	1
小説を翻訳してたら頭痛してきた。	0
鳥インフルまたかよ。	0
下痢が酷いので今日仕事休みます。	0
鼻水が止まらない、今日の写真撮影は無理だ。	1
まとめブログで紹介されてた風邪に効果がある解熱剤買ったわ。最新科学の成果で開発されたらしい。	0
下痢をすると思い出すのは、紙がなかったトイレのこと。	0
ひどいときは熱が下がっても咳は一週間以上止まらないんだよね	0
風邪で眠いけどドリンク飲んだので完璧だ	0
アトピーや花粉症の患者には効果的だ。	0
熱はどの季節がいちばんつらい？	0
熱が出た。何かに感染したのか。	0
下痢がひどい・・・昨日食った海鮮丼があたったかも。	0
集団で下痢になったことを思い出す。怖い。	0
翻訳作業の進捗聞かれると頭痛がしてくる。相手は知ったこっちゃないだろうけど。	0
わざとらしい咳をしてるやつがいる。	0
家に帰ると、頭痛がする	0
今日の頭痛は本当にきついから薬が必要だ	0
風邪ひいたかな、鼻水が止まらない	1
おたふく風邪にかかっちゃった。	0
咳がひどい。手洗いうがいが大事だなあ。	0
部活の人インフルエンザ多すぎだよー	0
自分がまさか花粉症だとは思わなかったよ	1
風邪で頭がぼーっとしてる。休めるなら休みたいがこの時期休めず最悪だ。	0
わざとらしい咳をしている女性がいる。	0
宇宙の難しいことを考えると頭痛がしてきてまう。	0
頭痛に鼻風邪でだるい	1
ただの風邪なのに解熱剤までもらったんだが	0
寒いせいか下痢気味だ。仕事中に下さないことを祈るばかり。	0
帰宅したときから頭痛がやばい・・・	0
体だるい。バイトの面接前に風邪とは最悪だ。こりゃ参った。	0
高熱が出て咳が止まらない	0
朝起きたらお腹痛くて下ってる。下痢とかやばい。	0
私、おたふく風邪になったことがない！	0
鼻水出るけど熱は微妙だなぁ	1
あの人さ、痰が絡んだときわざとらしく咳払いするの本当にやめてほしいんだけど	0
花粉症対策ってあんまり効果ないみたいね。	0
咳が朝から出っぱなしで疲れるね。	0
痰が止まらないなあ。	0
だるいし風邪なんだけど休めない。	0
今日の満さん、鼻風邪やばくてつらそうだったね。あんな時くらい、休めばいいのに。	1
犬が大好きなんだけど、アレルギーで鼻水出ちゃうのよね。犬預かるの、嬉しいけど無理だー。	1
外出する時はインフルエンザの予防は忘れずに！	0
テレビで今年のインフルは熱があまり出ないって言ってるけど本当？	0
ひどい咳がずっと止まらなくて、昨日あたりから腹筋が痛い。	0
咳するときは手でおさえるのがエチケットでしょう。	0
熱だし鼻水だし。いきなりビックリして怖いわ	1
お腹が痛くて起きたら、下痢になっていた・・・。	0
昨日テレビでやってたガッテン流の花粉症療法って本当に効果あるんかね？	0
風で花粉が飛んでるから、花粉症が再発したわ。	1
誰かこの熱から助けてくれ。	0
咳を人に向けてやらないとか最低限のエチケットだろ。	0
花粉症に処方するめっちゃきく薬誰かつくってー！	1
鼻水が止まらないので熱でもあるのかと思ったけど、全然そんなことなかったわ。	1
痰に血が混じるのってヤバくない？	0
熱があるのに仕事に行かなきゃいけない社畜は辛い。取り敢えず今日を乗り越えたらゆっくり眠れるし、頑張ろう。	0
風邪でだるいし、今日行けるか微妙だな。	0
科学が良い薬を開発してくれたおかげで風邪をはじめとした病気が早く治るようになった。	0
最近、インフルが流行っているようだ。危機管理をしっかりしよう。	0
この季節はインフルの予防接種めんどうだけど行かなきゃ	0
いつの間にかインフルエンザが流行する季節になってしまった。すっかりワクチンを打つのを忘れてた。	0
熱だけど、特に問題なし	0
犬も鼻風邪ってひくのかな	0
英語で下痢って何だっけって帰国したばかりの祖母に聞いたらなぜか爆笑されたんだが。	0
風邪もりっぱな病気の１つ。	0
今年もインフルエンザが流行りだす前にワクチンを打とう。	0
病院で貰った花粉症処方箋効果ないんだけど	1
マスク装着、頭痛薬装備。	0
風邪は、すべての病気の原因です。	0
アトピーだと花粉症もつらいんだよー	1
インフルエンザにならないように体調管理しなきゃな。	0
最悪だー風邪ひいたー。頭がぼーっとする。	0
デング熱の感染についてテレビニュースで報道があった。	0
熱が出るのは生きてる証拠って誰か言ってた。	0
指数関数的に風邪患者が増えているらしい。	0
職場の女性がマスクもしないで咳ばかりしてる。怖いよ！	0
テレビでは感染しても熱はでないって言ってたけど。	0
くしゃみが止まらない。まさかこれが花粉症？	1
これ本当に花粉症に効果あんのかな。	1
花粉症で鼻水が止まらなくて鼻かみすぎて鼻が痛い。	1
なんかこれって風邪？鼻水と鼻づまりがやばいくらい止まらないんですけど。	1
最近、下痢ばっかで辛い。	0
咳が出る人はマスクするのがエチケットだよな。	0
今日下痢になって朝は何も食べられなくて、今お腹減りすぎてやばい。	0
微熱が出たから風邪かなって思ったら花粉症だった、花粉症でも熱出るって知らんかった	1
弁当を買ったら容器の熱が凄くてほっかほかにもほどがある。	0
やばい、頭痛がひどいから速攻寝る。	0
兄が部活でインフルうつされて爆笑！	0
ちょっと下痢気味だけど大丈夫だよね？	0
最近朝起きた時の頭痛が辛い。	0
まさか私も花粉症になっちゃった！？	1
咳くらいで休むのはゆとりだけだろ。どんなときでも仕事にでるのは大事だ。	0
頭痛ひどいし鼻水止まんないし今日は休むことにする。	1
兄がインフルエンザになった。	0
インフルで寝てたから背中が痛くてたまらん。だれかマッサージして。	0
直ぐに治る風邪薬、誰か開発して。	0
暑い季節になると、涼しい場所を求めて、どうしてもクーラーの設置してある部屋に行くんだけど、逆に冷房病になったりして、熱出しちゃダメだよね。	0
友達で一生懸命巫女のバイトしたら熱出した子いるんだけど、何か素質あるかもしれない	0
昨晩から、インフルエンザで高熱です。	0
頭痛で本当に仕事するのが苦痛じゃー。	0
最近微熱が続くからまさかと思ったら花粉症だった。	1
花粉症に効果があるという療法を試してみる。	1
檜の花粉症なめるなよ！	0
英語で下痢ってなんて言うんだろ	0
ちょっとお腹痛いとおもったら、やっぱり下痢になった。	0
咳のしすぎで腹筋が割れた。	0
病院でまさかの花粉症と告げられた！喉も痛むし、微熱も続くからただの風邪だと思っていたのに。まさか花粉症とは。	1
朝から頭痛がやばいので早く帰宅して風呂に入って寝る。	0
犬も鼻水たらすんだね。	0
花粉症に苦しんでるから、毎年対策を練りに練ってるんだけど今年も負け戦みたい。	1
頭痛の苦痛で休みが楽しめない。	0
頭痛がするからお風呂に入るのもだるい。	0
熱は下がったけど咳が止まらない。	0
嫁が熱出したんで、今日はコンビニ弁当	0
スペイン風邪とおたふくって、どっちもウイルスが原因らしい。特にスペイン風邪って、強い猛威を奮った病気らしいから、流行したら大変だろうな。	0
アトピーの人って花粉症もあるって人が多いらしいね。私は秋もつらいよ。	0
わざとらしい咳が得意である。	0
嫁は熱があるから弁当を作ってくれない。自分で作るのも微妙だから今日は外食にしようかな。	0
今年の新入社員がゆとりすぎるからか、咳しまくるのに何の対策もしてない。	0
薄着だから熱出すんだよと、センパイに着るようにと上着を渡された。優しいな。	0
頭痛対策、何かご存知でしたら教えて頂けないでしょうか。	0
甲高い音を聴くと頭に響いて頭痛が酷くなってくる。	0
ところで頭痛はまだきついですか、私さん？	0
今日インフルの手術じゃないただの注射なのにビビる	0
まさか自分が花粉症になるとは。鼻かみ過ぎて手が疲れる。	1
まさか、花粉症が再発？やだな。	1
頭痛の種は契約が更新してもらえるかどうかだな	0
インフルエンザワクチンって効果あるのかな・・・	0
インフル蔓延してて部活中止になった	0
風邪のやつの相手してたら、病気になった	0
今日、下痢で仕事にならない。	0
風邪でだるいけど仕事休めん。	0
咳がひどいので薬を飲む。	0
来春は花粉症患者が増えそうだ。	0
犬がぼくの鼻水を美味しそうに舐めます	1
犬と戯れていると鼻水が垂れてきた。	1
今年は早くも花粉症の症状が出始める。	1
朝起きるとやばいくらいの激しい頭痛がして、身体もだるい。こんなの久し振りだよ。	0
下痢という言葉をあまり使いたくない。	0
風呂に入ったら頭痛が大分良くなったなー。	0
英語って下痢ってなんて言うんだ？	0
最近色んな花粉症の治療法が出てきているが、本当に効果があるのだろうか。	0
あの女性の咳、いくらなんでもわざとらしいよね。	0
朝から頭痛で今日はもうだめです。	0
朝から激しい頭痛が止まらない。	0
お腹がちょっと痛いなと思っていたら、下痢した。	0
風邪といえば鼻づまりですよね。	0
蜂が花粉症だったら商売にならないね	0
鼻風邪を引いてしまった。	1
朝からちょっと下痢になっている。	0
下痢って、英語でなんだっけ	0
下痢って英語で何ていうんだっけ	0
インフルエンザで手術になることとかあるの？	0
中国で、鳥から新型のインフルエンザに感染して死んだ人が出てた筈だけれど、日本では検査キットとかちゃんとあるんだろうか？ニュースやってる割に管理の体制どうなってんのか全然わかんない。	0
鳥インフルエンザの検査って何分くらいかかるんだろ。	0
大変だ、この強い関節の痛みと怠さは尋常じゃないって言うもんだから、病院に付き添いで行ったらただの風邪だったらしい。君の気まずそうな顔見ると笑っちゃいそう。	0
そろそろインフルの季節だね。	0
花粉症対策に何がいいのか考えています。	0
体調が悪すぎて、咳が止まる気がしない。	0
咳・痰を抑える薬って何があるか知ってる？	0
東京のアスファルトから上がる熱は耐えられない。	0
テレビのニュースで、東京で熱が出る感染症がはやってるって言ってたけど誰かかかった人いる？	0
花粉症対策にメガネ買った。	1
妻が花粉症をこじらせて微熱	1
やっと鼻水止まって嬉しい。	0
風邪で頭ぼーっとする。	0
激しい頭痛のため早退して帰るわ。	0
犬も鼻風邪になっちゃうなんてびっくり！	0
久しぶりに東京に行って遊びすぎた。楽しかったけど鼻風邪ひいた。	1
祖母が作ったそぼろ丼のせいで下痢になってしまった。	0
高熱だし咳も出るし大変だぁ	0
花粉症のせいでずっと微熱でぼーっとしてる。眠い。	1
下痢になって去年ネパール行ったの思い出した	0
昨日学童の子供たちと戯れてたけど、鼻風邪の子が結構多かった。	1
インフルが回復してきてだいぶ元気になった！けどあと２日は外出禁止なんだよな。	0
花粉症だと思ってたら、微熱が出てきて風邪だと判明！間違えることもあるんですね。	1
ここまで花粉症の症状がヒドいのは久し振りだ。	1
頭痛以外はきついところはない。	0
この忙しい時期に風邪をひくなんて最悪だ！	0
娘が熱出して鼻水ズルズルだったから学校を休ませた、本人は謎の歌を歌っていて元気そう	1
頭痛対策誰か教えて！	0
鼻づまり解消方法、だれか教えて。	1
鼻づまりに苦しんでいる人にとって犬は癒される。	1
本格的な風邪をひいたみたい。最悪だ。	0
兄がインフルかかった、気をつけなきゃー。	0
熱があるので仕事は休む、絶対行かない	0
インフルエンザの季節だから、体調管理には気をつけないと。	0
熱もまだ残ってるし鼻水も出続ける。今日も仕事を休むしかないか。	1
携帯熱い、誰か助けて！	0
誰でも熱はつらいものです。	0
急募、頭痛に対する効果的な対策。	0
疲れた。花粉症もうやだ	1
中国でインフルが流行ってるみたい。	0
今月中に契約を取らなきゃいけない。ほんと頭痛の種だ。	0
仕事も失敗続きで、嫁ともケンカばかり。おまけに謎の熱がとまらない。	0
祖母の家で食べた丼が当たって下痢。	0
秋の花粉症のつらい。対策に時間が取られる	1
風邪薬飲んだけど咳止まらない。腹筋が痛い。	0
犬も鼻づまりになるのかな。	0
花粉症、マジ疲れる。鼻かみすぎて痛む。中国の黄砂も来てるんじゃねぇの？	1
下痢になったから薬使うか・・・	0
咳しすぎて、腹筋バキバキ。	0
風邪でだるいし頭ぼーっとする。これで明日学校休めるわ。	0
ツイッターだけでなくブログでも鼻水・鼻づまり情報発信中。	1
インフルエンザにかかってご飯作ることができない。	0
昨日から急に涼しくなったせいか、今少し熱あるかもも。季節の変わり目は体調崩しやすいよね。	0
早くも花粉症の症状が出てまいりました	1
鼻づまり解消のハウツー本を読んだけど、どれも胡散臭い。ネットのブログとかにも眉唾ものの民間療法がわんさかあるし、病院行ってちゃんと医師の診断を受けようかな？	1
風邪の解熱薬が新しく科学者たちに開発されたらしい。	0
謎の発熱。他は元気なんだけどな〜。病院いっといたほうがいいのかな。	0
最近ちょっとお腹痛い、下痢気味です。	0
三日くらい放置した肉丼食べたら下痢起こした	0
風邪は科学の力では治せないらしいから、強い体を作っておくのが大事だよ。	0
妻が微熱と花粉症でぐったり気味。	1
鼻づまりやばい。今日中になんとかならないかな	1
すごい頭痛やだ、だるい、やばい。	0
お腹痛い。トイレ行ったらほとんど水の下痢ピーだった。ちょっとなんなのこれってレベル。	0
最近携帯が熱持っちゃう。そろそろ買い替えの時期だ。	0
鼻づまり解消する薬求む。	1
鼻水が止まるのが先か電車が運転再開するのが先か。	1
祖母が下痢気味のようで何度もトイレにかけこんでいて爆笑してしまった。ごめん。笑	0
この契約が上手くいかないのは頭痛の種でしかない。	0
花粉症に効果がある薬なんてあるのかねぇ	0
頭痛のときもお風呂に入っていいんだっけ？	0
インフルエンザに友達がかかったから、私も検査しにいかなくちゃ。	0
頭痛に鼻水、これって風邪？	1
鼻風邪かなと思ってたけど、頭痛もしてきたから今日は休むことにしよう。	1
バカ弟。熱出てるから部屋にこもれや	0
携帯使いすぎて熱帯びすぎ・・・やけどしそう。	0
友人に、風邪ひいて大変だな、って言われたから、クラスで最初にひいたの君じゃないの？、って言ったら逃げられた。笑	0
風邪をひいた。症状は痰と高熱。	0
なんかわざとらしく咳をしているひとがいるんだけど	0
今日デートなのに風邪とか最悪だ・・・	0
集団で下痢になった事件を思い出したわ	0
今年二回目のインフルになったんだけど、これって原発事故による放射能で体力落ちちゃったのが原因じゃねぇの？	0
ブログ更新しました！風邪の予防にはアレが一番！	0
水みたいな鼻水が出る。まるで花粉症。	1
山田君が風邪をひくなんて大変だ！	0
頭痛のときは音楽とかは聴くのやめた方がいいのかな・・・	0
頭痛対策にちゃんと薬飲もう。	0
鼻水の解消なんてどこ吹く風とばかりに、外で犬と戯れるのが大好きだ。	1
インフルのワクチンって打たなきゃダメなの？	0
感染しても熱が出ないなら大丈夫	0
鼻水ダラダラに熱４０度。お腹は下すは体ボロボロ。	1
熱があるが仕事は休めない。	0
咳が寝ても一向に止まることはないー。	0
インフルエンザのワクチンまだ余ってるかな？	0
朝から頭痛がやばい。昨日飲みすぎたのかな。	0
朝目が覚めた途端に頭痛がくるとか、最悪ですわ	0
頭痛で頭が曲がりそう	0
こんな激しい頭痛久し振りで、だるいしさっき帰ってきた。	0
花粉症で鼻水がつらい。微熱もあるし。	1
痰に血が混じってきもい	0
痰が混じる咳がひどいと胸が痛くなる。	0
犬が鼻水垂らしてるのが可愛くて思わず写真撮ってしまった。	0
最近、やばい、下痢なんだけど・・・。	0
外出先で握手をした人がインフルエンザにかかってたらしいんだけど、どうしよう。	0
薬が効いて熱が収まってやっと眠れる。	0
鼻づまりの症状が解消されたから、東京を散歩してきたよ。散歩してると、自分が大好きなシーンに出会えるのがいいよね。キレイな風景とか、親子の会話とか。	0
嫁が熱のため今日のお弁当無しです。残念だな	0
風邪のせいかなんか鼻づまりで呼吸止まりそう。	1
朝から頭痛がやばい、もう一回寝る。	0
明日テストだし頭痛だしやばい。	0
頭痛が本当にきついんだけど、いい対策あったら教えて！	0
咳をし過ぎると胸と腹筋の辺りにひどい痛みが出るっぽい。	0
下痢の時にサッカーするとやばい。	0
下痢って英語でなんて言うのかな？	0
祖母が下痢だって言ってトイレから出てこない。トイレ行きたいよ〜	0
花粉症の予防注射打ったんだけど効果なし。	1
遂に花粉症になったっぽい。	1
咳しすぎて頭いたい。風邪なのかな〜	0
おたふく風邪に大人になってはじめてひいたけど、これたしかやばいやつなんだよねぇ！	0
鼻風邪をすぐに直すのは無理だ。	1
風邪のため、今は気分、最悪だ。	0
鼻水が止まらないので会社休みたい。	1
鳥インフルエンザ、マジ危機だ。	0
咳が出ているときは、エチケットとしてマスクが必要だ。	0
中国にいた時は花粉症ならなかったのに再発したー！	1
風邪で体がだるいんだよね。	0
熱に鼻水に頭痛に誰か助けてー	1
インフルかかったから部活はもちろん休むよ。	0
朝から激しく頭痛だったが会社行ったけどさっきやばくてソロソロと帰宅した。	0
朝寒いと思ったら下痢だった。お腹痛い。	0
早めに頭痛薬を飲むことが必要だ。タイミングを逸すると苦痛が続く。	0
頭痛の症状がどんなかを相手に伝えるのって難しい。	0
風邪だと思ってたら、まさかの花粉症の診断。	1
咳止め薬の副作用で頭が痛い。	0
朝は頭痛だったけどソロソロ出勤しましょうかね。	0
熱が出てるけど、コンペあるからまだ休むわけにはいかない。	0
熱が最近頻繁に出てるけど、感染してるんかな。	0
風呂上がりに髪乾かさなかったからか、軽く頭痛がする	0
季節柄ぜんぜん風邪が治らない。まだ熱が３９度もあるや。	0
早くも花粉症にやられて本当に疲れる。	1
花粉症対策にスパイスが効くらしい。今からカレー食べたら来春は楽になるのかな。	0
頭痛対策には音楽を聴くとか宇宙に思いを馳せて天体観測をするなどのリラックスも必要だと思うんだ。	0
最近、寒いとすぐ下痢する。	0
早くも花粉症の症状が！	1
風邪で最悪だよ。頭も微妙だ。怖いわ	0
風邪でだるいので、早く休みたい。	0
くしゃみだけじゃなく寒気もしてきたから風邪かも。	0
ただの風邪かと思ったらおたふく風邪だった・・・	0
頭痛って頭をきついもので締め付けられる感覚だよね。	0
咳がでると腹筋マジ痛いし。	0
風邪を治すのに役立つブログってどれですか。	0
熱でリンパが腫れててつらいよ	0
下痢って英語で何て言うのかな。	0
祖母の下痢が続いてて心配。	0
今朝の通勤電車で咳エチケットができていない女性がいてすごく嫌な気持ちになった	0
なんか風邪引いたかも。頭痛いし鼻水止まらない。	1
英語の試験の前に急にお腹が痛くなった。あわててトイレに駆け込んだら下痢だった。家に帰って祖母におかゆを作ってもらった。	0
頭痛でだるすぎる。明日、医師に相談してくるわ。	0
鳥インフルエンザにかかった、最悪	0
インフル流行で部活中止	0
君の風邪は科学的に説明できない。	0
東京で感染が広がってるってニュースがやってたけど、とうとう僕も熱が出ちゃった。	0
来春は花粉症対策が例年よりさらに必要ですよ。	0
頭痛以外の症状はありません。	0
風邪から復活！体調完璧だ！	0
花粉症はくしゃみが止まらなくて疲れる・・・。	1
最近ストレスが溜まっているので下痢と便秘を繰り返しているのでなんとかならないかな。	0
頭痛がしているので帰ることにする。	0
鼻水がやばいので今日は休む。	1
ところであの音楽聴いてると苦痛。頭痛がしてくるわ。	0
鳥インフルが流行する。	0
わざとらしい咳をするな。	0
休めるといいな。風邪で今一調子出ず。	0
朝から頭痛が激しくやばい	0
友達はワクチン注射をしたのにインフルエンザにかかったらしい。	0
弟がお腹にくるタイプの風邪を引いてて、熱もあるしお弁当も食べれないっぽくて心配・・・	0
熱は下がったけどなかなか咳が治らない。	0
風邪薬飲んでから眠い	0
熱は引いたけど鼻水だらだら・・・今日は家でゆっくり休もう	1
いつも読んでるブログの子が風邪らしくて大変だ。	0
誰が巫女に熱あげているって？	0
契約のことを考えると頭痛がしてくる。	0
咳と同時に頭が痛い。	0
風邪引いて体温も結構高いから学校休める、完璧だわ、でも体だるいし参るな・・・	0
満を持して薬飲んだら鼻づまりだけになって、なんか頭痛いのも良くなった。	1
風邪ひいてて解熱剤飲んだんだけど効かねー。	0
鼻づまりに効く薬がほしいっす	1
また中国で鳥インフルだってさ	0
犬の鼻水の写真をブログに載せていた。	0
インフルエンザの季節だ。	0
遂に花粉症の季節がやってきた	0
風邪だと頭がぼーっとして寒気もしない？	0
鼻水と熱が。お腹も痛いし首のリンパも腫れている。	1
先週兄がインフルエンザにかかったが、今は元気に回復している。	0
今日下痢でトイレから動けなくてやばい。	0
外出するときはインフルエンザの予防を兼ねてマスクをしています。	0
受験生の兄がインフルエンザにかかってしまったらしい。	0
インフルの検査痛かった〜。	0
わざとらしい咳は、最悪だ。	0
朝起きたら下痢気味でやばい	0
今日は朝から頭痛くて、もうさっさと風呂入って寝ようと思ってたのに電車遅れてまだ帰宅できてなーい。	0
鳥インフルは防ぎようがない。	0
手洗いは欠かさなかったのに風邪で痰が絡むような咳が出て抑えるのが大変だ。	0
ブログに書くことが鼻水がひどいことくらいしかない。	1
咳のときはちゃんと口を抑えるのがエチケットだろ	0
やばい下痢が止まらない。	0
高熱で動けない。誰か助けて・・・	0
ひどい下痢、毒でも盛られたに違いない	0
スペイン風邪が流行ったら大変だ。	0
犬と戯れると、鼻風邪になる。何でだ？	1
うがい手洗いして咳や喉の痛みを治したい。	0
やばい鼻水が止まらない、今日は休む	1
やばい、今日テストなのに下痢になった。	0
インフルザエンザの季節が来てしまった。	0
風邪でだるいときに限って、仕事が忙しい。	0
咳で寝不足で疲れる。	0
犬の散歩にでたら鼻風邪引いて来た	1
風邪は治ったはずなのに、鼻水だけまだ出続けてる。これって花粉症？	1
人に向かって咳するとかエチケットの観念ないの	0
こんな激しい頭痛は久し振りだ。もう帰宅します。	0
リンパが腫れ上がって熱が出た。	0
寒いし下痢だし仕事がはかどらないでござる。	0
笑っちゃいけないところで笑ってしまって、咳でごまかしたらわざとらしいと言われた。	0
季節的に感染症に掛かる確率が高いから、熱があるようなら誰かに移す前に病院に行こうよ。	0
鼻風邪引いてるのにプールとか無理だ。	1
誰でもいいから花粉症の療法を発明してくれー	1
体中の体液が鼻水になってる気分だわ	1
日本に帰ってきてから下痢がとまらん。	0
インフルエンザで寝込んでたんだけれど、一晩寝たら大分回復してよかった。	0
咳がひどくて腹筋が痛い。	0
完治したと思ったらまさかの花粉症再発。久し振りに鼻水との戦いが始まる。	1
熱こじらせた。さっきテレビのニュースで厚労省が言ってたやばいウイルスに感染したかも。	0
咳がひどすぎて頭がぼーっとする。	0
インフルエンザって鳥にもかかるんだね。	0
ところで頭痛がひどいし体がきついんだけど、どうしたらいいかな。	0
いい翻訳ができないことが頭痛の種だ。	0
頭痛やばいから軽く寝る。	0
風邪でだるいけど仕事を休めるか微妙だ。	0
兄ちゃん、インフルになっちゃったみたい	0
やばい、本格的な風邪引いた。寒気が酷いし参るな。	0
鼻水が出てるときはカラオケは無理だ。	1
こんなにひどい頭痛は、久し振りだ・・・。	0
風邪のひき始めっぽいから休めるうちに休んどこう。	0
鼻風邪がつらかったから、柔らかいティッシュが嬉しい。	1
問題は熱っぽいってことだ	0
頭痛の相手は間違いなく元カレ	0
下痢って英語でなんていうかわからない。知りたくもない。	0
鼻水垂らしている赤ちゃんの写真は可愛い。	0
熱が出てるけど、テレビで見たインフルエンザかもね。	0
こどもが小さいからインフルエンザのワクチンを打ちに行こう。	0
とりあえず頭痛を治すことが必要だ。	0
東京に来てから鼻づまりが治った。	0
鼻水が奥にたまって頭が痛くなってきた。	1
テレビで厚労の人が熱とか感染の問題について話してた。	0
兄がインフルエンザになったから外出できなくなっちゃった。	0
医者が間違えて花粉症だって診断しやがった。	1
風邪が一発で治る新薬を開発してほしい。病気がちな私には有難いんだけど。	0
医師に寝ろと言われたけど、ゲームしてたら頭痛がしてきた。	0
鼻風邪を引いたとかで久し振りに東京の娘から着信があったのが嬉しい。	0
昨日から痰が出てテンションが下がる。	0
熱が流行ってるってテレビでやってたね	0
頭痛ひどいから今日こそ早く帰る！	0
インフルっぽいのは昨晩外出したのが原因かも。	0
腹が痛くてトイレに駆け込む。下痢だよ。これ、絶対昨日の激辛料理のせいだ。	0
中国でも同様に鳥インフルエンザが流行っているんだって。	0
おたふく風邪がブームになるらしい？	0
花粉症対策の薬や治療法が増えてるけど本当に効くのかな？	0
娘が風邪を引いて、熱を出したから学校を休んだようだ。リンパも腫れていて、嫁が休む暇もなくつきっきりで看病している。	0
電車で隣に座ってる人、手で抑えず痰が絡むような咳をしてる。迷惑。	0
外出するとインフルエンザになりそうで怖い。	0
うちの犬が鼻水を出してた。	0
ワクチンを打ったはずなのに、インフルにかかったんだけど。	0
風邪ひいて鼻づまりやばい	1
ネパール行って下痢が止まらなかったの思い出した	0
一人暮らしの風邪大変だって聞いてたけど想像超えてきた	0
鼻水もう無理だからから薬買ってきた。ねむい。	1
風邪引いたし会社休めるって発想やばいよな	0
咳がひどいなと思っていたら、週末高熱を出して寝込んでしまった。	0
秋の花粉症も結構きびしい	0
朝、頭痛がしてやばいと思った。	0
痰は止まったし、熱も下がった。そろそろ腹筋再開しようかな。	0
早くも花粉症が再発です。	1
インフルエンザのワクチンって高くない？もっと安く打てる保険体制にしてよ。	0
花粉症の薬処方されたけど副作用で眠くて仕方ない。	1
初期の風邪で強い解熱剤使うと逆にやばいよ？	0
インフルの熱で兄の背中が真っ赤になっていた。	0
鳥インフルエンザが中国で猛威を奮っている。	0
風邪くらいでは休めないと思って出社するからみんなにうつるんだ。	0
熱が出ているうちは、まだ仕事休んだらいいのに	0
おたふく風邪だってさ。ひょっとこもあるの？	0
集団食中毒で下痢になったことなんて思い出したくもない。	0
今朝テレビでやってたけど最近デング熱が問題になっているらしい。俺も感染しないか心配だわ。	0
寒いからか朝からずっとお腹が痛い。下痢かもしれないけど今日立ち仕事だ。	0
インフルにかかるとやたら喉が渇く。ポカリがぶ飲みしとけばいずれ回復するかな。	0
沢山の人がインフルになっている。部活の先生もかかったみたい。	0
軽い気持ちでブログに風邪のこと書いたら本気で心配された。	0
今年は花粉が少ないみたいだけど、重度の花粉症患者からすれば花粉量の多少の増減なんてたいして意味ないよね。	0
インフルエンザにかかると背中が痛くなるって本当？	0
やたらと咳が出るのは大事だよね。	0
彼はさっき頭痛がするとかで帰宅しました。医師にお風呂には入らないでと言われたので早く寝る方がいいね。	0
インフルエンザだと背中が寒く感じるらしい。	0
インフルエンザって海老もなるの？	0
鼻風邪と頭痛がやばい。	1
インフルエンザになって部活のみんなから爆笑されたよ	0
花粉症のためか鼻が痛む。	1
インフルに負けない体を作るぞー。	0
痰飲むの汚すぎでしょ。	0
花粉症対策いろいろあるけどどれが一番効果あるのかな。	0
風邪のせいで頭がぼーっとしている。	0
インフルにかかる前にワクチン受けにいかないとな。	0
軽く鼻風邪ひいてるけど東京行きは決行！	1
絶対使わない英語１００選、みたいな本で下痢が書かれてたんだけど、なんて言うんだか忘れてめっちゃ気になる！	0
昼から頭痛、風邪っぽい。	0
痰を間違って飲むと気持ち悪くて微妙だよ。	0
咳止まらないのにマスクをしない奴はエチケットがなっていない	0
風邪でぼーっとして何も頭に入らないよ。	0
妻が花粉症らしく、つらそうだ。	1
隣の人がわざとらしい咳して降りてったんだけど、何だったんだろ？	0
花粉症で学校休む奴は少ないよな。	0
頭がガンガンするし、鼻水もだらだらでる。明日は学校休む。	1
インフルエンザワクチンは毎年予想株で作られる。	0
多分鼻風邪を引いたんだけど、薬を忘れてしまった・・・	1
最近のうちの犬の鳴き声が変なんだけど、鼻風邪ひいたのかな。	0
鳥インフルが中国で発生した。	0
思い出すだけであの時下痢をこらえられなかったら今頃どうなってたころやらと不安になるな、、、	0
ところで花粉症の画期的な対策ってないの？毎年つらすぎるよ。	1
東京に帰って来たら鼻水止まらね〜	1
頭痛のときに大きな音を聞くのは苦痛でしかない。	0
熱でてリンパ腫れまくり	0
妻が風邪っぽいって言ってた心配して病院行ったら花粉症だった、ついに夫婦揃って花粉症デビューか。	1
風邪を引いたのはおたふく以来だ・・・	0
鼻水も体液の一部なのか。	1
最近ちょっと腹が痛いといつも下痢だ。	0
だるいし頭が痛い本格的な風邪っす	0
うちの犬、鼻水と鼻づまりが一緒にきてる感じがするんだけど	0
インフルの季節だ。今年のはやばいらしい。	0
下痢っぽい症状で起きたよ	0
犬と戯れると鼻水が止まらなくなる。	1
娘、熱なのに仕事休めないらしい、謎	0
インフルエンザの季節だ	0
今日学校だけど軽い頭痛がするからこのまま寝るー	0
英語っぽい発音で下痢って言ったら、友達が爆笑した。	0
朝起きて下痢になっていることに気づいた。	0
わざとらしい咳をする上司が嫌だ。	0
英語の翻訳やりすぎて頭痛がするわ。	0
英語で下痢を何ていうか、考えるだけで笑う。	0
頭痛に効く特効薬が必要だわ。	0
リンパがはれて熱が出でてきたよ、やばい病気かも。	0
咳がひどいときはマスクをするのがエチケットだと思う。	0
鼻づまりが解消できるなら、１万円くらいなら余裕で払う、マジで。	1
熱があるみたい。鼻水も止まらない。	1
わざとらしい咳をしているやつ嫌い。	0
科学の力で今の俺のわたしの風邪を誰かに移せる技術が開発されないかなあ。	0
やばい、今日鼻水と頭痛が酷いから風邪かもしれない。	1
高熱で咳が止まらない・・・	0
間違った花粉症対策してた。	1
高熱になると何故か痰が出てくる。	0
鼻風邪で鼻づまり！誰か解消法教えてくれ。	1
やばい、下痢かもしれん	0
花粉症再発で最悪、疲れがどっと来てます。	1
娘か嫁から風邪移されて熱で今日は休んでます。	0
痰が混じるから医者にいってくる。	0
鼻づまりがひどくて原稿読むの無理だな・・・	1
下痢だったの思い出してサッカー休むことにした。	0
犬って鼻づまりとかするのかな？	0
痰を飲むにもコツがいる。	0
携帯アプリのゲーム熱はどの世代にも起きている。	0
鼻風邪をひいて鼻づまりがひどい。普段は犬と戯れることが大好きだが、今日は無理。ごめんよチャック。	1
来春こそ花粉症にかかるまいと毎日ヨーグルトたべてるけど、どうかなぁ？	0
花粉症が年々酷いから、病院へ行って処方してもらってきた。	1
花粉症対策に薬を飲もう。	1
昨日いっぱい薬飲んだのに、今日も鼻水とまんねえええええ	1
部活内でインフルが流行している。	0
風邪で本格的にだるい、眠い	0
まさか花粉症で微熱が出るとは思わなかった。	1
今年は早くも花粉症勃発	1
まさかこの年に花粉症になるなんて	1
強引に鼻水を薬で止まると念じて格闘中。	1
誰か鼻風邪の薬持ってない？	1
風邪で寒気が止まらない。	0
朝起きても頭痛が治って無くてやばい。医師の診断を受けるべきだと思う？	0
周りが引くくらいに鼻づまりがやばい。	1
最近、朝食後にちょっと腹が痛い。下痢かも。	0
花粉症、まさかの突然回復	0
おたふく風邪にかかったときは本当に辛かった。	0
風邪と頭痛で頭がぼーっとする。	0
頭痛なんて苦痛以外の何物でもない。	0
弟が熱出したから看病してあげた！	0
インフルの季節は気をつけねば	0
鼻風邪の薬のオススメない？	1
鼻水止まらなくてやばい	1
なんか鼻水が止まらない。薬を飲まないとやばいかも。	1
咳に加えて、胸がゼイゼイする。	0
赤ちゃんと戯れてたら鼻水つけられた。	1
頭痛もするしだるいし、早く帰って寝る	0
インフルのせいで引きこもり３日目。外出したい！	0
電車で咳してる人居たんだけど、頑張って抑えるとか、せめて手で口押さえるのがエチケットじゃない？最悪。	0
熱のせいかリンパが腫れている。	0
頭痛以外にも関節が痛いし、熱もあるし、とりあえず色々と苦痛。	0
下痢だしお腹痛いけど仕事に行けるかなあ。	0
お腹痛いし下痢っぽいんだけど、お昼に食べた丼に何か入ってたのかなあ。	0
痰抑える方法ないかな。	0
熱が出て仕事明日も休むかも。	0
風邪だるい。仕事休めるなら休みたい。	0
ひどい痰が出まくり。	0
鼻水がひどすぎて苦しすぎて無理だ	1
痰がヤバい、抑える薬が必要だ	0
最近お腹が痛くて下痢が続いてる。	0
鼻水が止まる薬ないの・・・？	1
まだ熱。もちろん、今日も休む！	0
花粉症で微熱？まじか？	1
俺の頭痛の苦痛を宇宙人に翻訳して伝えてやりたい。	0
ネパールに旅行に行ったとき下痢したよ	0
兄貴がインフルで昨日部活を休んだんだけど	0
痰を抑える食べ物って何？教えてくれー！	0
朝から頭痛もするし体だるいしまだ寝てた方がよかったかも。	0
熱はないから問題ないよ。	0
微熱が続いてたけど、原因がまさか花粉症だとは思ってなかったよ。	1
きつい頭痛によく効く薬が必要だ	0
軽い頭痛にイライラするわ	0
また今年も鳥インフルエンザの季節がやってきたなぁ。	0
鼻水が止まるとき休みが終わる	1
デング熱が今になって流行ってるってニュースで見た。	0
下痢って英語でなんて言うんだろう	0
患者は総じて花粉症も併発しているようだ。	0
鼻づまりから解消されてきて徐々に嗅覚が戻ってきた。すっごく嬉しい。	1
この鼻水を拭くシーンにいつみても吹く	0
痰が出てるから熱計ってみたら、高熱だった。	0
からだだるい。本格的に風邪だ。ぼっーとするからあまりツイートできなくてごめんね。	0
インフルエンザにかからないために自分を管理をしっかりするべし。	0
娘が熱をだしたと聞いて急いで帰ってきた。	0
花粉症に効果あるコスパいい薬ありませんか？	1
熱で仕事休むわけにいかないから解熱剤飲む。	0
風邪対策は完璧だと思ってたのに、眠いからって炬燵でうたた寝してから調子が微妙だ。	0
熱があって出かけられなかったから、ずっとテレビ見てた。	0
テレビではその俳優のスキャンダルの報道が熱を帯びている。	0
花粉症の薬を処方してもらった！！	1
熱が出たので娘の幼稚園を休ませる。	0
最悪だ、明日出かけるのにここに来て風邪か？	0
今年は花粉症患者が少ないらしい。	0
風邪は病気ではないんだってね。	0
すごくだるくて頭がぼーっとするのだけれど、風邪だろうか？	0
朝からずっと頭痛、だるい。	0
お腹を壊したが食べるの大好きな私はまだ今日の弁当への愛と熱は冷める事を知らない。	0
花粉症ひどすぎて、目が痛むよ。	1
風邪のせいで頭痛と寒気でぼーっとなって、最悪だ	0
サッカーの試合中に、下痢で漏らした相手がいたな・・・。いまでも笑えない・・・	0
風邪にならない薬が開発されないかなあ。	0
一番効果がある花粉症対策教えて！	1
わざとらしい咳ってイライラする。	0
インフルエンザが流行る季節になった。	0
鼻づまりがなくなってほんと嬉しい	0
最近、体調が今一だとは思ってたんだが、寒気するわだるいわ頭痛いわでこりゃ本格的に風邪だな。	0
鼻づまり解消情報、ブログにないかな	1
いつの間にかインフルエンザの季節になったわ。	0
ヘルメットをずっと装着していたら頭痛がしてきた。	0
朝起きたら咳で腹筋痛いんですけど、これなに。	0
娘は昨日から鼻水が出ていたし、朝は熱も微妙だったので、今日の幼稚園は休ませよう。	1
秋にも花粉症の治療が必要だ。	0
この寒気、本格的に風邪だ	0
花粉症は蜂もなるのかな	0
スペイン風邪だったら感染力が強いから大変だ。	0
朝起きると頭痛がするし、体がだるい。そのうち激しい節々の痛みが出てきた。これはもしかしたらインフル？結構やばいかも。	0
頭痛がすると一日苦痛だよ。	0
兄がインフルエンザとか言い出して昨晩から吐いてるんですが	0
やばい。鼻風邪、からの頭痛。薬飲んで学校休んでる。	1
痰がからみやすいからエチケットとしてティッシュを持ち歩いてるんだけど、消費量が最近多い。	0
風邪引いて鼻水止まらん。今日一日のティッシュ使用量まじやばい。	1
鼻づまりがひどいからスピーチは無理だ	1
薬飲んだらあっという間に鼻水引いた！	1
集団で下痢は最悪だわ	0
来春は花粉症が和らぐといいなあ。	0
え、鳥インフルエンザまじ怖い	0
こんなに激しい頭痛は久しぶりでだるい。	0
兄がインフルエンザにかかって無能だと思う。	0
嫁さんが熱をだした。早く帰ろう。	0
起きると下痢がやばいと思って駆け出したよ、、	0
咳をするとき口元を抑えるのはエチケットだよね。	0
だるいと思ったけど、頭痛がしてきた	0
頭痛やばいからまだ寝る	0
薬のんだけど熱が下がらず咳も止まらない。早く治まってくれー	0
下痢がやばくて目が覚めた。	0
本日病院。久し振りだ。そして落ち込んだ花粉症の診断の結果が出ました。	1
一日中涼しい通り越して寒い場所にいたら熱が上がった。	0
最近毎朝下痢気味で仕事行く気なし。	0
今年は早くも花粉症なんだが。どうした俺	1
鳥インフルエンザ怖いわ。	0
インフルエンザの季節か。ワクチン打たねば。	0
最近お腹が痛いことが多くて、下痢にもよくなるようになった。ちょっとやばいかもしれない。	0
科学が発達しても風邪は中々なくならないねぇ。	0
今日花粉少ないとか言ってるやつ花粉症じゃないから	1
今日は風邪で寒気がしてだるいし、眠いし、ぼーっとしてるし、外出するかも微妙だな。	0
やばい、もうちょっとで下痢が洩れる所だった。	0
おたふく流行ってるけどただの風邪だといいなあ。	0
宇宙のことを考え始めたら止まらなくなって頭痛。	0
おたふく風邪まだやってないけど、大丈夫なのかな？	0
おたふく風邪で顔がぱんぱん	0
嬉しい！フォロワーさんの優しさに鼻水噴くわ〜〜	0
インフル感染の危機。	0
インフル感染したら熱が４０度近く出た。	0
去年の冬に下痢できつかったの思い出した。	0
頭痛やばい。ソロソロ帰る。	0
テレビのニュース見た所によると今年の風邪は熱がまず出るらしいので皆も注意してね。	0
咳しすぎて腹筋が痛い。こんなことってある？	0
咳をするときは手で押さえるのがエチケットだろうが。	0
インフルエンザの検査に行ってきたんだけど、今回は風邪だったみたいで一安心だよ。でも念のためワクチンも打っておいた。	0
最近平気だった花粉症が再発して、つらい。こんなに症状がキツイのは久し振り。	1
インフルエンザの検査、行ってこようかな。	0
咳っぽいし頭痛いし、まじ最悪なんだけど。	0
風邪っぽくてだるいから、差し入れちょうだい？	0
熱っぽいし、だるい。完璧風邪だな。	0
スペインの人って陽気だから風邪とかひかなそう！	0
咳がひど過ぎるから疲れるよ。	0
今年は花粉症の症状が少ないな。	1
鼻水が止まる薬がなんかないですか？	1
風邪の季節だ。強い体で頑張ろう	0
風邪で休めるけどそれはそれでつらいもんよね。	0
弟が熱を出しちゃったから看病してる	0
咳が治まったら行くわ	0
鍋物の熱い季節になりましたなー。	0
今一パフォーマンスが微妙になってしまっている。おれさまが風邪に参ってなんかいられない。	0
子どもが鼻づまり起こしてる時は吸い出すってブログ読んで、絶対無理だと思った。だって体液だよ？本当に解消するとしても無理！	0
咳がひどすぎて何もできない。	0
ノロの毒って、下痢して嘔吐して、全部出すしか治る方法がないらしいよ。	0
痰は人前ではかないのがエチケット！	0
仕事をしようとパソコン前に向かうが、とんだ熱暴走で仕事にならない。	0
咳しすぎて腹筋痛い。	0
寝すぎて体がだるいし頭痛もする。こんなに寝たのは久し振りだわ。	0
鼻水止まらなくて、そのうち頭から脳みそ流出するんじゃないかな。	1
痰がひどくて胸にからまる・・・	0
最近下痢で腹が痛い。	0
インフルのワクチン打たなきゃいけないな	0
インフルエンザの季節がやって来ました。	0
英語で下痢だと伝えられず困った	0
うちの妻、花粉症発症したよ。	1
インフル危機やばし！	0
咳をし過ぎて腹筋が痛い	0
スペインから新型の風邪が入ってきたらしい。	0
鼻水が止まらない！頭も痛い！学校休みたいよ！	1
花粉症の時期はすごい疲れる。	1
難しい宇宙の話を聞くと頭痛がする。分かりやすい言葉に翻訳してほしい・・・	0
インフルが部活内で大流行中。	0
せっかく東京に来たんだが鼻水がひどくてふらふらする、無念。	1
鳥インフルってどうなったの？	0
最近下痢の日が続いている。	0
鼻づまりが解消できてすごく嬉しい。	0
弟のお腹が微妙な熱を持っており、謎すぎる。	0
下痢と言えば思い出すエピソードがあるよ。	0
今日下痢で何度もトイレ行ったよ	0
もうインフルの季節か。	0
スペインから帰ってきたら風邪になったわ。解熱剤あったかな。	0
今年も鳥インフルエンザ出てきたか・・・	0
熱あるみたいなので涼しいところへ行こう	0
今朝、だるいし眠いし、おかしいなぁと思っていたら寒気も出てきて、どうも風邪のようだ。この時期、本当に参るよね。	0
充電中の携帯の熱が凄すぎて、ついに壊れたのかと思った。	0
遂に、妻も花粉症になりました。	1
巫女への熱は覚めることを知らない	0
熱が出てきたんだけど、もしかしてあの病気に感染したのかな。	0
ネパールから帰ってきてから下痢気味。変な菌貰ってきたのかも。	0
鼻水止まらないんだけど薬のみたくないから気合いで頑張ってます。	1
わざとらしい咳する人うるさいからやめてほしいわ	0
のどの痛み、鼻水、熱、せき、でも仕事休めない。	1
解熱剤のんだら風邪いっしゅんで治った。薬すげー。	0
頭痛がほんとにきつい人って、薬でおさまるレベルじゃないよ	0
ヨーグルトが花粉症に効果あるっていう話、ほんとなのかな。	0
下痢って、英語でなんていうんだっけ？	0
花粉症で鼻水とまんないとか久し振りだ。	1
風邪を引いても解熱してもいちいちブログを更新してて、あそこまでいくともう病気だなーと思った。	0
鼻づまりによく効く薬知らない？	1
公園で犬と戯れてたら、鼻水が止まらなくなったぜ。	1
季節の変わり目に急に涼しくなったから、風邪をひいて熱を出してしまった。	0
鼻水がすごいんだけど、早くも花粉症かも。	1
花粉症でまさかの入院もあるらしい。	0
熱あるけど休むわけにはいかない。最近仕事忙しいしな。	0
鼻風邪をひいて気分が悪かったが友達から犬の写真付きメールが着信されて嬉しい気分になれた。	1
花粉症つらすぎ、笑えない。今年は量少ないんじゃなかったの・・・	1
ずっと会いたかった友達と久しぶりに会えて嬉しい。勢い余って鼻水と涙出てきた。	0
ひどい咳は治まったがまだ頭が痛い。	0
だから咳するときは手で覆うのがエチケットだって何度言わせんの・・・	0
この薬は、花粉症に効果があります。	0
インフルエンザなのでしばらく外出できません。	0
咳が止まらずに本当に疲れる	0
疲れるせいか痰が絡む。	0
スペイン風邪のような感染症が再来したら大変だよね。	0
頭痛以外は症状ないんだけどなあ〜。	0
熱があるので涼しいとこ行っていいよね？	0
季節の変わり目には熱が出やすい。	0
鼻風邪だったのにとうとう頭まで痛くなってきた。やばい。	1
インフルになった途端にのどが渇く。	0
やばい。こんなにひどい頭痛は久しぶりだ。お風呂にはいっちゃいけないタイプだったかも。余計に激しくなった。	0
ジカ熱の最新ニュースやばい。	0
咳、痰を抑えることが大事だし必要だ。	0
咳がひどいから、薬を飲んだ。頭痛いなあ。	0
今日は突然の熱で仕事を休んだ。昨日は涼しいを越えて寒いところにいたからなぁ。	0
熱が出てるのに毛布を着るままにするのは微妙だ。	0
風邪のせいで冬なのに花粉症と同じ状態	1
鼻水が止まらずやばいわ	1
咳のしすぎで腹筋割れそう。疲れる。	0
昨年ネパールに旅行したときは、知らずに水道水を直接飲んだせいでめっちゃ下痢になったな。今思い出すと笑いがこみ上げてくる。	0
インフルエンザワクチンの注射を打ったよ	0
インフルエンザの季節になったので予防接種に行ってきましたー	0
水みたいなものが鼻からノンストップ状態で出てるけどまさか花粉症？	1
インフルエンザのワクチンを打ってきた。	0
おたふく風邪によく効く薬が開発されたらしいよ	0
頭痛もちなので対策として薬を持ち歩いている。	0
君も私も風邪。解熱剤もない。明日は開発所の会議。病院行きたいけど、科学が発達しても一瞬で治る薬はないからなあ。	0
熱がある時は誰かと一緒にいると安心するよね。	0
嫁は昨日から熱を出してしまったので、今日は弁当を作れないと言っていたので今日の昼ごはんは久しぶりに外食だ。	0
来春花粉症ひどいそうだが毎年言ってるよね	0
鼻づまりのせいで、着信に出たのに間違い電話だと思われたんだけど。	1
ヘッドセットを装着すると、頭痛がする。	0
ヘッドセットがきついからか頭痛が酷い。	0
インフルエンザのワクチンを受けに行かなくちゃ。	0
スペイン風邪、香港風邪っていうけど、日本風邪ってあるの？	0
咳は治まってきたけど腹筋が痛いし疲れた・・・	0
木枯らしが吹くこの季節は外で戯れる犬にすら鼻水が出ることがある。	0
娘はおたふくで私は風邪で大変だ・・・一瞬で治る薬を早く開発してほしい	0
こんなひどい頭痛は久し振りだー。	0
朝から鼻水が止まる気配がなくて困る。	1
こんな激しい頭痛は久し振りだ	0
手洗い、うがいで咳と痰を抑えることができる。	0
ようやく鼻づまり解消したぞ！	0
インフルエンザのワクチンを打ってきました。	0
熱が明日までに下がって仕事に行けるか危ない	0
今日は大事な会議なのに風邪とか最悪だ。	0
スペイン行ってから、風邪気味だ。	0
鼻水の問題を何とか解消せねば。	1
なんか電車が遅延してて鼻水出た	0
微熱があると思ったら花粉症だった。間違えるとは思わなかった。	1
鼻づまりはなんか風邪みたいで頭痛もしてきた。	1
頭痛がしんどい。モーツァルトでも聴いてゆっくり休もう。	0
頭痛対策のために早めに薬を飲んでおこう。	0
翻訳の仕事をしていたら苦痛すぎて頭痛がしてきた。	0
おたふく風邪って子供だけの病気だと思ってたんだけど、大人でも掛かるみたいだよ。	0
スペイン風邪って病気が日本でも大流行したんだって。	0
左右どちらかが鼻づまりしている自分が大好きだ。	1
ニュースで今年は熱を出す人が多いと言ってたね。	0
インフルエンザ怖いからワクチンうってきたよ。	0
兄がインフルにかかったっぽい。昨日外出した時に移されたのか知らんが、今週日曜に部活の大切な試合がある俺にだけはうつすなと。	0
やばいお腹痛い、下痢かも。	0
風邪のせいで鼻づまりがひどすぎる。	1
来春のスギ花粉は量が多いらしい。花粉症なので先が思いやられる〜。	0
熱と鼻水のダブルパンチでフラフラですー。	1
風邪は病気に入るの？	0
朝からものすごくだるいんだけど、もしかして風邪かな？	0
鼻づまりをただの鼻風邪だと思ってたら頭も痛いし風邪を引いたっぽい。	1
とうとう檜の花粉症も発症。来春の花粉は少ないといいな。	1
鼻水がつまりすぎてもう無理だ。	1
女性が痰の症状を抑える。	0
ニュースで熱が流行る季節がきたってやってたよ	0
咳のエチケットってあると思うよ。口を抑えたその手、ちゃんと後で手洗いしてるんだろうね。	0
夜遅くなってだんだん熱上がってきた。	0
俺は花粉症なので今から来春が超こわい。	0
下痢って英語でなんて言うの。今お腹下し中ー。	0
毒性の強い魚を食べてひどく下痢をした。	0
熱もあるし鼻水も滝のように出る。これなら明日は仕事休めるかもしれんが微妙だ。	1
兄がインフルエンザなのでうつらないか不安だよ。	0
今日、ずっと鼻づまり・・・。	1
今日も下痢が続いてるなー	0
ネパールのサッカー選手が下痢の症状を訴えた。	0
寒気がしてだるい。本格的に風邪を引いたかもしれない。	0
頭痛がやばいのでそろそろ帰宅	0
うちの高校のサッカー部が集団で下痢になるっていう	0
インフルが流行ってるみたいだから外出から戻ってきたらうがい手洗い忘れずに！	0
スペイン風邪って何？	0
友達の着信の待ち受けが、犬が鼻ちょうちん作ってる写真でふいた！犬も鼻づまりとかなるんだね！	0
早くも花粉症シーズンかあ、頼む、過ぎ去れー	1
感動的な犬ブログを読んでしまい、涙と鼻水が止まらない。	0
咳と痰が止まる気配がないっぽいんだけどこれいつ止まるの誰か教えて。	0
頭痛かなりやばい。とりあえず寝るおやすみ。	0
この微熱も花粉症由来かなあ	1
相手もおたふく風邪だから大変だ。	0
咳の出過ぎで腹筋いてぇ	0
仕事のストレスのおかげで何時も下痢で御座る。	0
寒気するし完全に風邪っぽい。マジ最悪だ。	0
熱はないのに、リンパ腺は晴れてる。	0
部活で、インフル流行ってるから気をつけようなって言った翌日にインフル発症して爆笑だった。	0
娘の熱が下がらない、リンパも腫れてるし明日も学校休むかな。	0
熱出て、リンパ腫れる状態だけど、眠れるよ。	0
風邪引いたせいでだるい	0
やばい鼻水止まらん。	1
風邪の季節じゃないのに熱がでてすごいつらい・・・	0
熱が出たら何か感染したかなと怖くなる。	0
咳や痰が出る時マスクをする事は最低限のエチケットだよね。	0
さっきから頭痛が激しいので帰る	0
花粉症で病院行く時間なくてつらい。去年処方してもらった薬使ったら効果あったんだよねー。	1
頭痛って地味にきつい	0
咳と高熱がひどすぎて会社休むしかないな、これは。	0
風邪っていう名前の病気は無いらしいね	0
やばいくらい寒くて腹冷えて下痢だー	0
電車の中で咳するとかはマスクするかハンカチ口にあてるかしてください、エチケットです！	0
アトピーだと花粉症も重症になるのかも。	0
本格的に風邪をひいたようで身体がだるい。	0
鼻水が止まるおまじないをかけてくれ。	1
風邪引いたからブログお休みします。	0
おならをしようと力を入れたら下痢を漏らして爆笑された。	0
頭痛やばくて頭かち割れそう	0
ブログで風邪を引いたことを報告したら、たくさんのコメントを貰えてうれしいです！	0
まさかこの歳で花粉症発症するとは。	1
花粉症でこんなに鼻水が出るの久し振りだ。	1
中国に行くと万年花粉症のような症状が出る	0
風邪ひいて頭痛・鼻水・咳をすべて発症した。	1
インフルエンザのせいで昨晩大分苦しかった、今日は回復したけどね。	0
兄がインフルにかかった	0
インフルって握手しただけでうつるのかな？	0
風邪で頭がぼーっとする。参ったなー、明日からのテスト本格的にやばいかも	0
もう誰か翻訳してくれないときつい、宇宙の言葉ですかってくらい通じなくて頭痛してきた。	0
昨晩から、どうやらインフルのようだ。	0
やっとインフルから回復してきた・・・	0
激しい頭痛でさっき帰ってきた。	0
今年は花粉症の症状少ないと思ってたけど、とんでもなかった。	1
最近下痢気味で困る。	0
鼻風邪が治って犬と戯れることが出来たからホント嬉しい！写真撮ってブログにアップしたから読んでね！	0
この季節、熱出やすいのよね	0
中国ではやっているインフルエンザの病状と国内のインフルは同様だ。	0
下痢がひどすぎてもう笑うしかないな、これは。	0
この季節、中国では鳥インフルエンザが流行しているらしいね・・・	0
今回の風邪、熱出るの遅いな。	0
鳥インフルが流行ってるみたい。	0
スペインで風邪がはやってるんだって	0
下痢でサッカー休むなんてださいね。	0
娘が熱を出してリンパも腫れてるとかで、朝から嫁が病院に連れてってるらしい。今日は仕事さっさと終わらせよう。	0
花粉症とアトピーって関係があるの？	0
咳がひどいけど熱が下がったっぽくてよかった。	0
とうとう痰に血が混じってきた、、、。	0
風邪で頭がぼーっとして参った	0
また世間で鳥インフル流行ってるらしい。	0
微熱もあるし花粉症もひどいし、もう疲れた。	1
寒くて毎日下痢だー。	0
嫁が熱で休んでいるんですが、鼻水が詰まって眠れないと言い出しまして。	1
インフルが流行って、部活が中止になって、暇だ。	0
弟が熱があって、鼻水が出て、お腹が痛くてリンパが腫れる謎の病気で休む事が多くなったんだ。	1
旅先のネパールで下痢になった。	0
下痢で仕事休んだら怒られますかね？	0
咳をするときにはエチケットとしてちゃんと口をおさえてほしいよね	0
頭痛がよくならないので医師に診てもらおう	0
集団で下痢を起こすと食中毒が疑われる。	0
花粉症の人ってアトピーの人も多くなる？	0
わざとらしく咳してたら頭まで痛くなってきた	0
インフルにかかるとかなり喉が渇くって言ってた	0
咳のしすぎで腹筋が疲れる。	0
風邪気味なのでとりあえず解熱剤を飲んだ。	0
朝から下痢とかやばい。	0
頭痛対策はおいしいグルメ巡りで解決。	0
寝すぎて背中痛い。インフルまじ勘弁	0
鼻づまりは写真に写らんしな	1
朝から頭痛が治らないので、早めに帰宅。風呂入って早く寝よう。	0
朝から頭痛が激しくて身体がだるい。	0
まさかの初の花粉症でつらし。	1
